,cust_id,credit_limit,credit_rating,account_active,ending_balance,credit_mode,credit_sum,credit_tran_count,check_account_status,check_balance,check_mode,check_sum,check_tran_count,saving_account_status,saving_balance,save_mode,save_sum,save_tran_count
0,1363160,1000.0,0.0,Y ,286.69,2.0,12506.949999999999,68.0,N,0.0,0.0,0.0,0.0,Y ,122.54,1.0,2662.2200000000007,48.0
1,1362487,3000.0,0.0,Y ,1548.23,2.0,4773.21,32.0,Y ,1401.21,1.0,3244.829999999999,52.0,N ,12.89,1.0,887.5199999999999,19.0
2,1362548,6700.0,0.0,Y ,68.68,2.0,15089.990000000002,22.0,Y ,569.65,2.0,16817.429999999997,99.0,Y ,254.02,1.0,3.78,12.0
3,1362752,2400.0,0.0,N ,0.0,2.0,6182.650000000001,15.0,Y ,3.76,1.0,12086.709999999997,93.0,Y ,609.33,1.0,9.069999999999999,12.0
4,1363017,1000.0,0.0,Y ,1000.0,1.0,10172.72,63.0,Y ,147.15,2.0,10057.279999999999,99.0,N ,2901.35,1.0,1840.05,24.0
5,1362609,3000.0,0.0,Y ,3000.0,2.0,5950.3600000000015,44.0,N ,15.38,1.0,8003.880000000002,99.0,Y ,49.39,1.0,3249.2,31.0
6,1363486,2000.0,10.0,Y ,0.0,0.0,0.0,38.0,N,0.0,0.0,0.0,0.0,N,0.0,0.0,0.0,0.0
7,1363078,3000.0,0.0,Y ,1147.07,2.0,9990.090000000002,50.0,Y ,167.83,1.0,6361.529999999994,99.0,Y ,596.38,1.0,2258.08,26.0
8,1363282,1300.0,0.0,Y ,272.69,2.0,7630.059999999999,36.0,Y ,84.18,1.0,7720.579999999998,91.0,N,0.0,0.0,0.0,0.0
9,1363200,1100.0,3.0,Y ,254.56,2.0,5441.16,47.0,Y ,955.03,1.0,8784.010000000002,99.0,Y ,1357.19,1.0,3665.6599999999994,31.0
10,1362588,1000.0,0.0,Y ,1000.0,2.0,9475.890000000001,54.0,Y ,5.87,1.0,5353.16,99.0,Y ,9.71,1.0,1950.1899999999998,33.0
11,1363261,1000.0,0.0,Y ,1000.0,2.0,9289.019999999999,52.0,Y ,1606.69,1.0,11358.259999999997,99.0,N ,289.89,2.0,3473.1299999999997,36.0
12,1362853,1300.0,0.0,Y ,1073.95,2.0,4210.67,25.0,Y ,1875.77,1.0,13983.650000000001,99.0,Y ,1025.23,1.0,1202.94,21.0
13,1363057,1000.0,0.0,Y ,938.43,1.0,8842.4,54.0,N,0.0,0.0,0.0,0.0,Y ,1385.03,1.0,2244.35,31.0
14,1363444,1000.0,0.0,Y ,1000.0,1.0,9740.989999999998,60.0,Y ,68.22,1.0,4962.1,99.0,N,0.0,0.0,0.0,0.0
15,1362649,1000.0,0.0,Y ,1000.0,1.0,12915.019999999999,84.0,Y ,30.47,1.0,6145.469999999998,99.0,N,0.0,0.0,0.0,0.0
16,1363036,1200.0,0.0,Y ,1200.0,2.0,8457.550000000001,50.0,Y ,41.36,1.0,11938.369999999999,99.0,N,0.0,0.0,0.0,0.0
17,1363383,1100.0,7.0,Y ,0.0,0.0,1095.03,82.0,N,0.0,0.0,0.0,0.0,N,0.0,0.0,0.0,0.0
18,1362832,8500.0,0.0,Y ,8500.0,2.0,9599.0,29.0,Y ,49.08,1.0,16208.369999999988,99.0,N,0.0,0.0,0.0,0.0
19,1362506,11400.0,0.0,Y ,4216.53,2.0,16234.69,30.0,N,0.0,0.0,0.0,0.0,N,0.0,0.0,0.0,0.0
20,1363158,1000.0,7.0,Y ,121.67,1.0,282.40999999999997,12.0,Y ,1080.81,1.0,2931.3399999999997,45.0,Y ,1917.72,1.0,2014.0400000000004,22.0
21,1362975,1800.0,0.0,Y ,525.5,2.0,6456.11,31.0,N ,282.92,1.0,12757.97,94.0,N,0.0,0.0,0.0,0.0
22,1362546,3000.0,0.0,Y ,1292.63,2.0,17114.029999999995,84.0,Y ,84.83,1.0,9321.18,99.0,Y ,991.01,1.0,1231.1599999999999,26.0
23,1362771,1200.0,0.0,Y ,1200.0,2.0,14398.19,77.0,Y ,141.86,1.0,6477.4699999999975,99.0,Y ,2361.62,1.0,5839.1900000000005,40.0
24,1363484,1000.0,0.0,Y ,408.08,2.0,6869.6,39.0,Y ,233.06,1.0,7712.63,99.0,N,0.0,0.0,0.0,0.0
25,1363097,1100.0,0.0,Y ,1100.0,2.0,9000.6,54.0,Y ,26.6,1.0,6182.2599999999975,99.0,Y ,10.28,1.0,530.52,17.0
26,1362607,3700.0,0.0,Y ,903.36,2.0,15120.380000000001,64.0,Y ,165.23,1.0,7865.019999999996,99.0,N,0.0,0.0,0.0,0.0
27,1362485,1100.0,0.0,Y ,1100.0,1.0,12629.150000000001,72.0,Y ,45.49,1.0,10204.369999999995,99.0,N,0.0,0.0,0.0,0.0
28,1362872,1000.0,0.0,Y ,1000.0,1.0,11644.670000000006,68.0,N,0.0,0.0,0.0,0.0,N,0.0,0.0,0.0,0.0
29,1362954,6500.0,0.0,Y ,1226.12,2.0,15461.5,44.0,Y ,301.79,2.0,16212.340000000002,99.0,N,0.0,0.0,0.0,0.0
30,1362586,3700.0,0.0,Y ,3700.0,2.0,7147.040000000003,56.0,Y ,260.7,1.0,5622.319999999998,99.0,N,0.0,0.0,0.0,0.0
31,1363219,1000.0,0.0,Y ,1000.0,1.0,10670.300000000003,65.0,Y ,13.46,1.0,10020.180000000002,99.0,N,0.0,0.0,0.0,0.0
32,1362912,1500.0,0.0,Y ,1500.0,2.0,3536.379999999999,36.0,Y ,12.7,1.0,8378.429999999997,99.0,N,0.0,0.0,0.0,0.0
33,1362811,1000.0,0.0,Y ,1000.0,1.0,9845.289999999997,69.0,Y ,278.54,1.0,10246.020000000004,99.0,N,0.0,0.0,0.0,0.0
34,1362708,1000.0,0.0,Y ,1000.0,1.0,2781.9800000000005,36.0,Y ,325.81,1.0,4930.129999999997,99.0,Y ,3821.12,1.0,2848.47,40.0
35,1363280,1000.0,0.0,Y ,1000.0,2.0,11177.349999999999,70.0,Y ,269.95,1.0,8252.189999999999,99.0,Y ,1706.87,1.0,3162.1,36.0
36,1362565,1400.0,0.0,Y ,1358.19,2.0,10574.96,55.0,Y ,271.08,2.0,16429.889999999996,99.0,Y ,941.16,1.0,1814.2,22.0
37,1363076,7100.0,0.0,Y ,770.56,2.0,22161.170000000006,40.0,Y ,67.3,1.0,14949.43999999999,99.0,N,0.0,0.0,0.0,0.0
38,1363217,3000.0,0.0,Y ,944.16,2.0,17282.87,78.0,N ,110.53,1.0,9301.420000000002,99.0,N,0.0,0.0,0.0,0.0
39,1362933,1000.0,0.0,Y ,899.08,2.0,7262.159999999997,41.0,Y ,215.13,1.0,6293.099999999997,99.0,Y ,17.18,1.0,813.5299999999999,21.0
40,1363013,1000.0,0.0,Y ,1000.0,1.0,13512.169999999993,91.0,Y ,14.54,1.0,4655.059999999998,99.0,N,0.0,0.0,0.0,0.0
41,1363402,1200.0,0.0,Y ,1200.0,2.0,2787.940000000001,37.0,Y ,9.62,2.0,13037.179999999998,99.0,N,0.0,0.0,0.0,0.0
42,1363482,3000.0,0.0,N ,355.26,1.0,11493.840000000006,53.0,N,0.0,0.0,0.0,0.0,Y ,486.4,1.0,2304.3700000000003,33.0
43,1362525,3000.0,0.0,Y ,1051.01,2.0,20201.420000000002,98.0,Y ,95.53,1.0,5220.710000000001,99.0,Y ,313.46,1.0,2770.850000000001,39.0
44,1362605,1000.0,0.0,Y ,1000.0,2.0,6153.480000000001,31.0,Y ,7.84,1.0,4471.849999999999,84.0,Y ,611.94,1.0,18.06,12.0
45,1363259,1000.0,0.0,Y ,334.29,2.0,9142.1,55.0,N,0.0,0.0,0.0,0.0,N,0.0,0.0,0.0,0.0
46,1362727,4100.0,0.0,N ,0.0,3.0,18707.039999999997,26.0,Y ,392.05,1.0,18430.920000000013,99.0,Y ,9132.52,1.0,135.88,12.0
47,1362973,3000.0,0.0,Y ,734.81,1.0,6638.289999999999,49.0,Y ,898.28,1.0,9872.339999999997,99.0,Y ,2570.3,1.0,1007.3800000000001,25.0
48,1363196,1800.0,0.0,Y ,1800.0,2.0,29083.00999999999,97.0,Y ,521.66,1.0,7832.66,99.0,N,0.0,0.0,0.0,0.0
49,1362769,1400.0,0.0,Y ,553.09,2.0,8859.730000000001,42.0,N,0.0,0.0,0.0,0.0,N,0.0,0.0,0.0,0.0
50,1363461,3500.0,0.0,Y ,1610.7,2.0,17996.019999999997,79.0,Y ,1223.94,2.0,12617.680000000004,99.0,N,0.0,0.0,0.0,0.0
51,1362830,1000.0,0.0,Y ,88.21,2.0,5903.229999999999,37.0,Y ,528.25,1.0,7164.040000000001,99.0,Y ,35.68,1.0,514.08,20.0
52,1362584,1000.0,0.0,Y ,1000.0,1.0,4877.92,34.0,Y ,12.5,1.0,5160.32,99.0,Y ,1999.37,1.0,2172.4100000000003,26.0
53,1362687,1000.0,0.0,Y ,481.97,1.0,5916.99,39.0,Y ,194.38,1.0,8262.259999999995,99.0,Y ,1111.42,1.0,2767.8300000000004,30.0
54,1363053,2800.0,0.0,Y ,918.09,2.0,8683.23,18.0,N,0.0,0.0,0.0,0.0,N,0.0,0.0,0.0,0.0
55,1362952,3000.0,0.0,Y ,782.77,2.0,10115.069999999998,44.0,Y ,473.45,1.0,5506.319999999997,65.0,N ,232.76,1.0,0.8699999999999999,3.0
56,1363175,5000.0,0.0,Y ,1148.45,1.0,18633.020000000004,88.0,Y ,13.51,1.0,7134.789999999998,99.0,N,0.0,0.0,0.0,0.0
57,1363421,3000.0,0.0,Y ,814.67,2.0,13428.749999999998,60.0,Y ,918.69,1.0,10131.079999999996,99.0,Y ,197.64,1.0,1962.8100000000002,31.0
58,1362767,1000.0,0.0,Y ,290.54,2.0,8354.9,46.0,Y ,193.12,1.0,7964.739999999997,99.0,Y ,1098.48,1.0,1595.2299999999996,26.0
59,1362809,3800.0,0.0,Y ,0.0,1.0,2536.72,6.0,Y ,1160.14,1.0,8948.029999999997,99.0,Y ,274.83,1.0,4.079999999999999,12.0
60,1362563,1000.0,0.0,Y ,1000.0,2.0,3927.42,27.0,N ,490.56,1.0,8428.029999999993,99.0,N,0.0,0.0,0.0,0.0
61,1363135,3000.0,0.0,Y ,247.32,2.0,7201.010000000001,31.0,N,0.0,0.0,0.0,0.0,N ,540.37,1.0,6.7,5.0
62,1362624,1400.0,0.0,Y ,1400.0,2.0,10978.960000000001,49.0,N,0.0,0.0,0.0,0.0,Y ,1028.01,1.0,2230.26,26.0
63,1363400,7400.0,9.0,Y ,2186.72,2.0,17170.39,84.0,Y ,1824.79,1.0,22145.09999999999,99.0,Y ,137.85,1.0,7106.650000000001,53.0
64,1362746,1000.0,0.0,Y ,1000.0,1.0,9756.830000000002,65.0,Y ,12.89,1.0,6196.059999999999,99.0,Y ,2946.92,1.0,2471.39,33.0
65,1363257,4800.0,7.0,Y ,2275.24,0.0,4250.32,67.0,N,0.0,0.0,0.0,0.0,Y ,1209.67,1.0,4931.880000000001,52.0
66,1363215,8700.0,0.0,Y ,2089.45,2.0,27214.279999999995,40.0,Y ,4645.09,1.0,4120.01,26.0,Y ,2689.95,1.0,2805.95,26.0
67,1362849,1100.0,0.0,Y ,515.69,2.0,17077.24000000001,74.0,Y ,3.98,1.0,7568.999999999994,99.0,N,0.0,0.0,0.0,0.0
68,1363011,4500.0,7.0,N ,20.0,2.0,12177.07,56.0,Y ,1615.18,2.0,44343.56999999999,99.0,Y ,1387.58,1.0,9769.710000000003,39.0
69,1362645,2900.0,0.0,N ,20.0,2.0,13751.11,38.0,Y ,1195.54,1.0,14285.959999999997,99.0,N,0.0,0.0,0.0,0.0
70,1362868,1000.0,0.0,Y ,1000.0,2.0,8644.37,52.0,Y ,609.04,1.0,9738.659999999993,99.0,N,0.0,0.0,0.0,0.0
71,1362971,1600.0,0.0,Y ,1600.0,2.0,4114.570000000001,30.0,Y ,185.4,1.0,11389.919999999993,99.0,N,0.0,0.0,0.0,0.0
72,1362929,4200.0,0.0,Y ,4200.0,2.0,17935.730000000003,36.0,Y ,20.65,1.0,20608.08,99.0,Y ,1535.83,1.0,10506.52,33.0
73,1363236,5800.0,0.0,Y ,1555.34,2.0,30712.010000000006,111.0,Y ,52.8,2.0,11689.59,99.0,Y ,1067.7,1.0,4238.279999999999,53.0
74,1362725,10300.0,0.0,Y ,1939.63,2.0,22158.210000000003,41.0,Y ,47.34,1.0,23971.160000000003,99.0,Y ,16095.5,1.0,6162.999999999999,22.0
75,1362828,1000.0,0.0,Y ,1000.0,1.0,2794.64,30.0,N,0.0,0.0,0.0,0.0,N,0.0,0.0,0.0,0.0
76,1363194,3600.0,0.0,N ,82.15,1.0,4905.3099999999995,17.0,N,0.0,0.0,0.0,0.0,N ,455.67,2.0,975.4700000000003,13.0
77,1363297,1000.0,0.0,Y ,67.82,1.0,8629.489999999998,44.0,Y ,39.24,1.0,5039.049999999999,99.0,N,0.0,0.0,0.0,0.0
78,1362643,3000.0,0.0,N ,559.57,2.0,5630.76,23.0,Y ,1860.19,1.0,4177.740000000001,55.0,N ,494.84,1.0,810.7799999999999,17.0
79,1363093,1000.0,0.0,Y ,1000.0,1.0,2702.58,32.0,Y ,1079.16,1.0,8768.649999999994,99.0,N ,86.31,1.0,1249.35,28.0
80,1363377,3000.0,0.0,Y ,844.08,1.0,11864.320000000002,64.0,Y ,146.5,1.0,8580.96,99.0,Y ,1782.06,1.0,2424.48,25.0
81,1362685,1700.0,0.0,Y ,1208.1,2.0,12718.930000000002,41.0,Y ,516.78,1.0,11191.859999999997,99.0,Y ,1735.39,1.0,3445.09,25.0
82,1363173,1400.0,0.0,Y ,1400.0,2.0,4010.6499999999996,40.0,Y ,138.38,1.0,6744.609999999998,99.0,N ,382.8,1.0,2024.14,21.0
83,1362950,3000.0,3.0,Y ,162.95,1.0,1239.6799999999998,15.0,Y ,163.22,1.0,0.75,1.0,Y ,1545.22,1.0,1012.78,21.0
84,1362765,1000.0,0.0,Y ,999.18,2.0,14096.4,71.0,Y ,820.66,1.0,12248.74,99.0,N ,1363.11,1.0,2428.5299999999997,25.0
85,1362542,2200.0,0.0,N ,20.0,1.0,2293.89,13.0,Y ,0.0,1.0,5225.02,53.0,Y ,1654.74,1.0,3315.0100000000007,26.0
86,1363234,3000.0,0.0,Y ,3000.0,1.0,5436.320000000001,42.0,Y ,31.19,1.0,6574.209999999996,99.0,Y ,918.39,1.0,1219.9899999999998,24.0
87,1362664,4600.0,0.0,Y ,1052.38,2.0,9708.109999999999,37.0,Y ,2683.65,2.0,21062.550000000003,99.0,N,0.0,0.0,0.0,0.0
88,1362622,5200.0,0.0,N ,406.96,2.0,14398.710000000001,46.0,Y ,890.53,2.0,22795.309999999998,99.0,Y ,13404.16,1.0,4872.719999999999,31.0
89,1363133,3000.0,0.0,Y ,0.0,4.0,1675.89,1.0,N ,1068.52,1.0,2309.0299999999997,41.0,Y ,1082.35,1.0,1148.6299999999999,21.0
90,1363356,1000.0,0.0,Y ,1000.0,2.0,6585.909999999999,55.0,Y ,10.33,1.0,4910.100000000002,99.0,Y ,148.06,1.0,1518.1499999999996,30.0
91,1363398,1000.0,0.0,Y ,1000.0,1.0,2751.9600000000005,26.0,Y ,86.13,1.0,10330.509999999998,99.0,N,0.0,0.0,0.0,0.0
92,1362948,1400.0,0.0,Y ,813.51,2.0,10070.04,47.0,Y ,554.35,1.0,13115.650000000005,99.0,N,0.0,0.0,0.0,0.0
93,1362990,3000.0,0.0,Y ,1426.93,2.0,15221.74,78.0,N ,625.42,2.0,12869.239999999996,99.0,Y ,1113.07,1.0,2850.5699999999993,47.0
94,1362744,1000.0,0.0,Y ,682.28,2.0,15348.909999999998,77.0,Y ,205.93,1.0,6181.739999999997,99.0,Y ,1797.22,1.0,5018.1799999999985,49.0
95,1363459,3000.0,0.0,Y ,3000.0,2.0,3801.5299999999997,29.0,N,0.0,0.0,0.0,0.0,N,0.0,0.0,0.0,0.0
96,1363213,1900.0,0.0,Y ,1046.11,2.0,13384.750000000002,38.0,N,0.0,0.0,0.0,0.0,Y ,289.72,1.0,4.319999999999999,12.0
97,1363316,1000.0,0.0,Y ,1000.0,1.0,2430.290000000001,28.0,Y ,947.22,1.0,7615.429999999998,99.0,Y ,629.06,1.0,1100.4,21.0
98,1363070,3000.0,0.0,Y ,774.22,2.0,5528.2400000000025,40.0,Y ,307.97,1.0,933.4799999999999,19.0,Y ,844.28,1.0,31.21,12.0
99,1363112,1000.0,0.0,Y ,0.0,1.0,884.69,9.0,Y ,1085.16,1.0,9925.840000000002,99.0,N,0.0,0.0,0.0,0.0
100,1363335,1000.0,0.0,Y ,806.94,1.0,6403.109999999999,50.0,Y ,65.64,1.0,6377.549999999997,99.0,N,0.0,0.0,0.0,0.0
101,1362969,3800.0,0.0,Y ,3800.0,2.0,23958.680000000004,49.0,N,0.0,0.0,0.0,0.0,Y ,5792.74,1.0,14989.489999999998,48.0
102,1363192,1000.0,0.0,Y ,1000.0,1.0,2750.5599999999995,35.0,Y ,42.85,1.0,5554.919999999999,99.0,N,0.0,0.0,0.0,0.0
103,1363438,3000.0,0.0,Y ,684.3,2.0,8701.96,50.0,Y ,254.88,1.0,7242.259999999996,99.0,Y ,95.3,1.0,1528.98,31.0
104,1362784,2800.0,0.0,Y ,2764.67,2.0,16945.46,46.0,Y ,1095.71,1.0,25914.009999999995,99.0,N,0.0,0.0,0.0,0.0
105,1363295,1000.0,0.0,Y ,1000.0,1.0,2291.7799999999997,32.0,N ,68.65,1.0,1998.6800000000003,55.0,Y ,222.18,1.0,1617.42,24.0
106,1363253,2000.0,0.0,Y ,2000.0,2.0,17911.959999999995,53.0,Y ,1191.33,1.0,14376.560000000001,99.0,N ,1701.18,1.0,2434.0099999999993,24.0
107,1362683,6600.0,0.0,Y ,5359.08,2.0,55223.94,141.0,N,0.0,0.0,0.0,0.0,N,0.0,0.0,0.0,0.0
108,1362641,3000.0,0.0,Y ,172.99,1.0,3682.1199999999994,29.0,Y ,1566.97,1.0,2875.6900000000005,52.0,N ,141.92,1.0,1.9699999999999995,11.0
109,1362805,1000.0,2.0,Y ,300.0,2.0,6066.860000000001,54.0,Y ,14.76,1.0,7250.459999999998,99.0,Y ,232.15,1.0,2751.31,40.0
110,1362763,1100.0,0.0,Y ,160.0,2.0,5996.280000000001,30.0,Y ,2.72,1.0,3408.5000000000014,80.0,N,0.0,0.0,0.0,0.0
111,1363457,13000.0,0.0,Y ,4626.88,2.0,43185.789999999986,60.0,Y ,1252.71,1.0,41594.04,99.0,Y ,3028.72,1.0,4313.109999999999,21.0
112,1363232,1000.0,0.0,Y ,1000.0,2.0,4579.97,28.0,N,0.0,0.0,0.0,0.0,N,0.0,0.0,0.0,0.0
113,1362580,1500.0,0.0,Y ,1500.0,2.0,4175.58,36.0,Y ,29.97,1.0,8169.979999999998,99.0,Y ,163.39,1.0,1482.0900000000001,21.0
114,1363354,3000.0,0.0,Y ,3000.0,1.0,5291.93,44.0,Y ,48.9,1.0,8070.479999999995,99.0,Y ,1116.71,1.0,3042.26,40.0
115,1362845,3700.0,2.0,N ,20.0,0.0,3880.03,37.0,N,0.0,0.0,0.0,0.0,N,0.0,0.0,0.0,0.0
116,1362742,3000.0,0.0,Y ,15.74,1.0,3958.3399999999992,21.0,Y ,2562.66,1.0,162.74,29.0,Y ,844.14,1.0,1161.4500000000003,21.0
117,1363314,3000.0,0.0,Y ,366.31,1.0,10482.45,64.0,Y ,266.68,1.0,7508.889999999999,99.0,N,0.0,0.0,0.0,0.0
118,1363211,2200.0,0.0,N ,112.99,2.0,13127.52,34.0,N,0.0,0.0,0.0,0.0,N,0.0,0.0,0.0,0.0
119,1363171,1800.0,0.0,Y ,1800.0,2.0,4427.689999999999,39.0,Y ,17.68,2.0,19673.929999999993,99.0,N,0.0,0.0,0.0,0.0
120,1363068,2900.0,0.0,N ,20.0,2.0,22726.840000000004,46.0,N,0.0,0.0,0.0,0.0,N,0.0,0.0,0.0,0.0
121,1362824,10400.0,0.0,Y ,959.72,2.0,37029.96000000001,48.0,Y ,3.94,1.0,21137.910000000003,99.0,N,0.0,0.0,0.0,0.0
122,1362925,1000.0,0.0,Y ,602.03,2.0,6907.209999999999,48.0,N,0.0,0.0,0.0,0.0,Y ,1770.46,1.0,3472.2099999999996,36.0
123,1363272,3400.0,7.0,Y ,1016.12,1.0,3791.88,47.0,Y ,195.31,1.0,6636.739999999998,99.0,Y ,711.81,1.0,5239.78,40.0
124,1363394,1000.0,0.0,Y ,1000.0,1.0,1905.4,22.0,N,0.0,0.0,0.0,0.0,Y ,2270.28,1.0,1989.059999999999,26.0
125,1362864,1000.0,0.0,Y ,0.0,0.0,0.0,0.0,Y ,479.29,1.0,4103.900000000001,63.0,Y ,176.53,1.0,2.6400000000000006,12.0
126,1362782,1500.0,0.0,Y ,1136.06,2.0,9132.510000000002,49.0,N ,41.6,1.0,11410.699999999999,99.0,Y ,268.13,1.0,437.28000000000003,21.0
127,1363129,3000.0,0.0,Y ,335.42,2.0,2824.3200000000006,22.0,Y ,88.34,1.0,4496.3099999999995,99.0,N,0.0,0.0,0.0,0.0
128,1363108,1400.0,4.0,Y ,458.67,2.0,5928.350000000001,44.0,Y ,268.79,1.0,3.75,5.0,Y ,360.12,1.0,1227.1600000000003,22.0
129,1362721,1000.0,0.0,Y ,1000.0,1.0,3124.2799999999997,33.0,N,0.0,0.0,0.0,0.0,Y ,48.22,1.0,709.9300000000001,27.0
130,1362904,3000.0,0.0,Y ,679.69,2.0,10858.740000000002,48.0,Y ,461.88,1.0,6607.499999999994,99.0,Y ,201.9,1.0,3.0,12.0
131,1362986,2100.0,0.0,Y ,1932.1,2.0,4172.02,21.0,Y ,4690.94,1.0,4045.0599999999995,36.0,Y ,434.43,1.0,2968.66,24.0
132,1362761,1000.0,0.0,Y ,0.0,1.0,799.87,7.0,Y ,8.21,1.0,4167.750000000001,66.0,Y ,490.67,1.0,902.8900000000001,24.0
133,1363455,5600.0,0.0,Y ,5192.98,2.0,5512.14,25.0,N,0.0,0.0,0.0,0.0,Y ,254.9,1.0,4.579999999999999,13.0
134,1362822,1000.0,0.0,Y ,1000.0,1.0,2999.9999999999995,30.0,Y ,2156.3,2.0,11084.890000000001,99.0,Y ,523.43,1.0,4731.340000000002,54.0
135,1362578,3000.0,0.0,Y ,731.2,2.0,7720.06,51.0,Y ,211.68,1.0,8077.270000000004,99.0,Y ,862.43,1.0,1370.56,25.0
136,1363087,1000.0,0.0,Y ,1000.0,1.0,2548.75,32.0,Y ,30.86,1.0,6772.799999999997,99.0,N,0.0,0.0,0.0,0.0
137,1363312,4400.0,0.0,Y ,4400.0,2.0,13687.060000000001,65.0,N,0.0,0.0,0.0,0.0,N,0.0,0.0,0.0,0.0
138,1363352,1000.0,0.0,Y ,906.54,1.0,11004.02,61.0,Y ,851.45,1.0,8463.399999999998,99.0,Y ,2950.23,1.0,1571.87,25.0
139,1362700,1000.0,0.0,Y ,107.4,2.0,5157.81,31.0,Y ,4494.03,1.0,2101.38,27.0,Y ,315.88,1.0,4.680000000000001,12.0
140,1363209,1600.0,0.0,Y ,1600.0,2.0,3646.5100000000007,31.0,N ,86.21,1.0,10136.189999999997,99.0,N ,1813.9,2.0,4005.5899999999997,33.0
141,1363169,3000.0,0.0,Y ,0.0,4.0,1749.6,1.0,N ,0.0,1.0,1664.6200000000001,47.0,Y ,153.82,1.0,2.28,12.0
142,1362801,1000.0,0.0,Y ,45.23,1.0,2444.6200000000003,22.0,Y ,0.0,1.0,4784.62,89.0,N,0.0,0.0,0.0,0.0
143,1362557,1000.0,0.0,Y ,1000.0,1.0,1200.0,8.0,Y ,147.06,1.0,7673.099999999995,99.0,Y ,68.86,1.0,2322.6800000000003,31.0
144,1362658,6800.0,0.0,Y ,0.0,1.0,4511.62,8.0,Y ,3517.12,1.0,4192.7300000000005,26.0,Y ,238.62,1.0,3.5599999999999996,12.0
145,1363026,2500.0,0.0,Y ,2500.0,2.0,17077.209999999995,62.0,Y ,2744.43,1.0,17742.769999999997,99.0,N,0.0,0.0,0.0,0.0
146,1363127,1000.0,0.0,Y ,305.79,2.0,2650.28,14.0,N,0.0,0.0,0.0,0.0,Y ,124.01,1.0,1.7999999999999996,12.0
147,1363291,5200.0,0.0,Y ,5014.14,2.0,17601.780000000006,59.0,Y ,521.21,1.0,14956.009999999997,99.0,Y ,653.58,1.0,1265.46,26.0
148,1363392,1000.0,0.0,Y ,1000.0,1.0,2411.4100000000003,33.0,Y ,87.69,2.0,11515.879999999994,99.0,Y ,241.59,1.0,1185.5000000000002,24.0
149,1362883,1000.0,10.0,Y ,983.06,0.0,5405.81,58.0,N,0.0,0.0,0.0,0.0,Y ,149.74,1.0,1677.73,26.0
150,1363249,3100.0,2.0,Y ,3082.05,0.0,17039.86,131.0,Y ,2877.12,1.0,24851.97000000002,99.0,N,0.0,0.0,0.0,0.0
151,1362740,3000.0,0.0,Y ,1121.88,2.0,9912.81,51.0,Y ,562.27,1.0,6499.239999999997,77.0,N ,119.87,1.0,1.05,7.0
152,1362637,1200.0,0.0,Y ,1200.0,1.0,2461.11,26.0,Y ,72.09,1.0,6400.719999999997,99.0,Y ,44.79,1.0,382.29,19.0
153,1363474,1000.0,0.0,Y ,702.74,1.0,5334.7300000000005,40.0,Y ,30.89,1.0,8978.199999999995,99.0,Y ,4622.61,1.0,1545.3500000000006,21.0
154,1362820,6500.0,0.0,Y ,4231.59,2.0,39197.91000000001,55.0,Y ,13185.47,4.0,62776.50999999997,99.0,N,0.0,0.0,0.0,0.0
155,1362597,1000.0,0.0,Y ,442.72,2.0,7330.1,47.0,Y ,416.76,2.0,11186.12,99.0,N,0.0,0.0,0.0,0.0
156,1363268,1800.0,0.0,Y ,1800.0,2.0,3975.24,28.0,N ,1094.41,1.0,8142.239999999999,99.0,Y ,180.08,1.0,1494.58,26.0
157,1363331,7800.0,0.0,Y ,2264.61,2.0,16611.849999999995,40.0,Y ,2897.68,2.0,20332.310000000016,99.0,Y ,743.04,1.0,2584.5899999999997,31.0
158,1362656,1000.0,0.0,Y ,445.22,1.0,8838.789999999999,51.0,N,0.0,0.0,0.0,0.0,Y ,367.8,1.0,3246.45,38.0
159,1362902,1000.0,0.0,Y ,346.97,2.0,11419.769999999995,67.0,Y ,112.94,1.0,8484.049999999997,99.0,Y ,1554.71,1.0,3792.4299999999994,26.0
160,1363390,3000.0,0.0,Y ,1860.67,2.0,7506.630000000001,51.0,Y ,446.35,1.0,8447.38,99.0,Y ,740.57,1.0,1777.8500000000001,41.0
161,1362698,2500.0,0.0,Y ,2500.0,2.0,5974.66,43.0,Y ,175.55,2.0,21297.140000000003,99.0,N ,3110.27,2.0,12985.46,41.0
162,1363247,3000.0,0.0,Y ,3000.0,1.0,6321.629999999999,63.0,Y ,458.81,1.0,7081.499999999999,99.0,Y ,339.33,1.0,2311.92,39.0
163,1362759,1400.0,0.0,Y ,835.19,2.0,14104.619999999997,55.0,Y ,4.62,1.0,7697.609999999996,99.0,Y ,79.52,1.0,4844.1500000000015,40.0
164,1362839,6500.0,0.0,Y ,3783.62,2.0,40580.80999999999,96.0,Y ,32.8,2.0,19601.52000000001,99.0,Y ,3420.03,2.0,10910.849999999999,48.0
165,1363493,1500.0,0.0,Y ,0.0,0.0,0.0,0.0,Y ,2053.9,1.0,14637.920000000002,99.0,N ,553.61,1.0,1781.67,19.0
166,1362492,2000.0,0.0,Y ,2000.0,2.0,6635.500000000001,31.0,Y ,582.82,2.0,22960.37999999999,99.0,N,0.0,0.0,0.0,0.0
167,1362881,1000.0,0.0,Y ,440.26,1.0,13233.310000000003,72.0,N ,0.0,1.0,5931.77,99.0,Y ,61.5,1.0,1588.5400000000004,24.0
168,1362961,1000.0,0.0,Y ,1000.0,2.0,10096.859999999997,55.0,N ,413.73,1.0,6730.87,99.0,N,0.0,0.0,0.0,0.0
169,1363146,3000.0,0.0,Y ,0.0,4.0,2814.61,1.0,N,0.0,0.0,0.0,0.0,N,0.0,0.0,0.0,0.0
170,1363287,1000.0,0.0,Y ,991.56,1.0,2419.9700000000003,32.0,N,0.0,0.0,0.0,0.0,N,0.0,0.0,0.0,0.0
171,1363207,1000.0,0.0,Y ,777.0,1.0,13045.029999999999,79.0,N,0.0,0.0,0.0,0.0,N,0.0,0.0,0.0,0.0
172,1363083,1100.0,0.0,Y ,969.94,2.0,7600.390000000002,44.0,Y ,2325.47,1.0,7120.289999999998,99.0,Y ,6325.98,1.0,2061.95,31.0
173,1362921,3000.0,0.0,Y ,81.68,1.0,4256.42,21.0,Y ,0.0,1.0,3337.6800000000007,69.0,N,0.0,0.0,0.0,0.0
174,1362675,1000.0,0.0,Y ,911.38,1.0,2213.5800000000004,30.0,Y ,2009.72,1.0,1883.83,43.0,Y ,274.78,1.0,582.0699999999999,21.0
175,1362717,1000.0,0.0,Y ,1000.0,1.0,2599.93,23.0,Y ,248.16,1.0,6184.629999999996,99.0,Y ,186.79,1.0,2.7600000000000002,12.0
176,1362940,1000.0,0.0,Y ,41.22,2.0,3202.92,22.0,N,0.0,0.0,0.0,0.0,Y ,778.84,1.0,1499.9099999999999,26.0
177,1362574,1300.0,0.0,Y ,1300.0,2.0,16899.999999999996,74.0,N,0.0,0.0,0.0,0.0,N,0.0,0.0,0.0,0.0
178,1363409,1000.0,0.0,Y ,160.42,1.0,6653.55,40.0,N,0.0,0.0,0.0,0.0,N,0.0,0.0,0.0,0.0
179,1363043,1000.0,0.0,Y ,1000.0,2.0,10022.409999999998,66.0,Y ,701.33,2.0,13652.609999999999,99.0,Y ,1379.43,1.0,3544.9,36.0
180,1362797,1000.0,0.0,Y ,100.0,1.0,2497.95,22.0,N,0.0,0.0,0.0,0.0,N,0.0,0.0,0.0,0.0
181,1363308,4100.0,0.0,N ,498.06,1.0,8883.71,33.0,Y ,5651.4,1.0,86.74000000000001,13.0,Y ,1585.57,1.0,3226.96,23.0
182,1363266,1000.0,5.0,Y ,994.65,0.0,1925.35,51.0,Y ,1.98,1.0,5476.650000000001,99.0,N,0.0,0.0,0.0,0.0
183,1363165,1000.0,1.0,Y ,429.34,0.0,5142.350000000001,65.0,Y ,95.8,1.0,7642.819999999997,99.0,Y ,57.08,1.0,583.99,22.0
184,1362858,9000.0,0.0,Y ,708.2,2.0,55600.899999999994,83.0,Y ,587.99,1.0,17688.109999999997,99.0,Y ,592.84,2.0,7281.799999999998,40.0
185,1363022,4000.0,0.0,Y ,604.65,2.0,5945.45,34.0,Y ,1184.76,1.0,1870.7200000000005,15.0,Y ,140.0,1.0,2.0399999999999996,12.0
186,1363123,2800.0,0.0,Y ,2800.0,2.0,7167.910000000001,32.0,Y ,696.74,2.0,27951.970000000005,99.0,N,0.0,0.0,0.0,0.0
187,1363348,1800.0,0.0,Y ,1800.0,2.0,17336.16,63.0,N ,1244.93,2.0,14076.809999999994,99.0,Y ,1628.76,1.0,7277.0700000000015,46.0
188,1362511,3000.0,0.0,Y ,904.93,1.0,7327.889999999999,49.0,Y ,11.84,1.0,6607.149999999993,99.0,Y ,748.73,1.0,3613.5100000000007,40.0
189,1362736,1000.0,0.0,Y ,328.79,2.0,5709.720000000002,34.0,Y ,2014.49,1.0,2422.69,51.0,Y ,2180.1,1.0,32.42,12.0
190,1362980,1000.0,0.0,Y ,512.73,2.0,9466.400000000003,54.0,Y ,118.27,1.0,7230.470000000001,99.0,Y ,310.32,1.0,3470.9399999999996,40.0
191,1363205,3000.0,0.0,Y ,684.12,2.0,5472.85,26.0,N ,1395.69,1.0,1697.78,16.0,N ,1240.58,1.0,2979.3500000000004,25.0
192,1363449,1500.0,0.0,Y ,636.53,2.0,15135.949999999997,49.0,Y ,1572.98,1.0,10570.579999999993,99.0,N,0.0,0.0,0.0,0.0
193,1363470,5000.0,0.0,Y ,5000.0,2.0,6231.089999999999,48.0,Y ,1790.37,1.0,8893.7,99.0,N,0.0,0.0,0.0,0.0
194,1362837,1100.0,0.0,Y ,1100.0,1.0,1575.1399999999999,16.0,Y ,530.92,1.0,7734.489999999999,99.0,Y ,545.76,1.0,3027.26,25.0
195,1362593,3000.0,0.0,Y ,689.96,1.0,13683.24,75.0,Y ,168.63,1.0,11371.34,99.0,N,0.0,0.0,0.0,0.0
196,1363306,1000.0,0.0,Y ,137.4,1.0,5712.84,38.0,Y ,114.94,1.0,6219.219999999999,99.0,Y ,1193.26,1.0,2619.34,31.0
197,1363327,3000.0,0.0,Y ,3000.0,1.0,5014.55,47.0,Y ,235.65,1.0,9260.18,99.0,Y ,401.43,1.0,2403.7999999999993,31.0
198,1363102,1000.0,0.0,Y ,1000.0,1.0,1111.8999999999999,17.0,N,0.0,0.0,0.0,0.0,N,0.0,0.0,0.0,0.0
199,1362715,3000.0,0.0,Y ,933.22,2.0,9490.939999999999,55.0,Y ,366.99,1.0,7126.900000000001,99.0,Y ,195.07,1.0,586.01,23.0
200,1362694,1500.0,0.0,Y ,1360.3,2.0,18436.869999999995,60.0,Y ,93.66,1.0,10926.399999999996,99.0,N,0.0,0.0,0.0,0.0
201,1363184,1000.0,0.0,Y ,1000.0,1.0,2841.98,25.0,Y ,74.87,1.0,761.27,24.0,N,0.0,0.0,0.0,0.0
202,1362959,3900.0,0.0,N ,20.0,2.0,12712.0,38.0,N ,4601.37,1.0,32859.29000000001,99.0,N,0.0,0.0,0.0,0.0
203,1362572,1000.0,0.0,Y ,369.97,2.0,7840.050000000001,39.0,Y ,1.97,1.0,6356.4299999999985,99.0,Y ,432.85,1.0,1977.3199999999997,31.0
204,1362816,3000.0,0.0,Y ,3000.0,2.0,21456.750000000004,106.0,Y ,19.72,2.0,9015.08,99.0,N,0.0,0.0,0.0,0.0
205,1362633,1000.0,0.0,Y ,1000.0,2.0,11315.159999999998,69.0,N ,234.2,1.0,10411.989999999998,99.0,Y ,57.34,1.0,2296.9799999999996,38.0
206,1363142,10200.0,0.0,Y ,1953.78,2.0,18474.810000000005,52.0,Y ,11.3,2.0,15995.539999999992,99.0,Y ,404.63,1.0,6.01,12.0
207,1363081,2100.0,0.0,N ,84.59,2.0,4903.97,20.0,Y ,423.81,1.0,4060.1300000000006,45.0,Y ,765.22,1.0,1521.73,21.0
208,1362530,2000.0,0.0,Y ,2000.0,2.0,18086.720000000005,52.0,Y ,17.3,2.0,15850.449999999999,99.0,Y ,900.52,1.0,3082.0099999999998,26.0
209,1362877,1000.0,7.0,Y ,80.0,1.0,3265.55,42.0,Y ,612.35,1.0,6500.669999999997,99.0,Y ,629.45,1.0,3125.6499999999996,33.0
210,1362999,4400.0,0.0,Y ,988.54,2.0,25741.79,84.0,Y ,3.96,1.0,13030.999999999998,99.0,N,0.0,0.0,0.0,0.0
211,1362938,3000.0,0.0,Y ,436.98,2.0,13739.860000000002,64.0,N ,417.89,1.0,10751.12,99.0,N,0.0,0.0,0.0,0.0
212,1363468,5500.0,0.0,Y ,5500.0,2.0,8199.62,41.0,N,0.0,0.0,0.0,0.0,Y ,927.28,1.0,4889.01,62.0
213,1362591,4000.0,0.0,Y ,1548.57,2.0,24861.710000000003,104.0,Y ,920.44,2.0,14028.89,99.0,N,0.0,0.0,0.0,0.0
214,1363264,1000.0,0.0,Y ,1000.0,1.0,17413.38,94.0,N ,15.72,1.0,7149.199999999994,99.0,Y ,369.44,1.0,4142.33,40.0
215,1363060,2400.0,0.0,Y ,2192.95,2.0,5582.08,28.0,Y ,370.85,2.0,21046.170000000006,99.0,Y ,1441.88,1.0,3058.0500000000006,21.0
216,1362509,3000.0,0.0,N ,10.0,1.0,16750.440000000002,86.0,Y ,10.7,1.0,5896.390000000003,99.0,N ,337.82,1.0,5899.26,43.0
217,1362917,6800.0,0.0,Y ,6800.0,2.0,6800.0,26.0,Y ,45.45,1.0,11612.72999999999,99.0,N,0.0,0.0,0.0,0.0
218,1362978,5000.0,0.0,Y ,2103.69,2.0,38574.37000000001,112.0,Y ,278.86,2.0,19232.349999999995,99.0,Y ,28.91,1.0,3933.1899999999996,40.0
219,1363182,5100.0,0.0,Y ,5100.0,2.0,26592.13,52.0,N,0.0,0.0,0.0,0.0,Y ,753.69,1.0,4821.16,26.0
220,1363447,1000.0,0.0,Y ,1000.0,1.0,1370.2500000000002,16.0,Y ,346.08,1.0,10042.969999999998,99.0,Y ,671.09,1.0,1298.6600000000003,26.0
221,1363243,1000.0,0.0,Y ,110.03,2.0,9898.73,55.0,Y ,852.22,1.0,8621.95,99.0,N ,760.1,1.0,1487.67,17.0
222,1362835,1000.0,0.0,Y ,9.51,1.0,1979.2800000000002,21.0,Y ,276.68,1.0,704.93,11.0,Y ,2060.9,1.0,30.66,12.0
223,1362631,5200.0,0.0,Y ,575.0,2.0,19648.479999999996,51.0,Y ,0.0,1.0,8329.67,85.0,Y ,533.3,1.0,7.930000000000001,12.0
224,1363426,1900.0,0.0,Y ,917.28,2.0,11334.819999999998,40.0,Y ,3567.46,2.0,5623.969999999999,40.0,N,0.0,0.0,0.0,0.0
225,1363365,2100.0,0.0,Y ,2100.0,2.0,5252.849999999999,23.0,Y ,901.25,2.0,21250.32,99.0,N,0.0,0.0,0.0,0.0
226,1362549,1000.0,0.0,Y ,1000.0,1.0,11341.699999999997,73.0,N,0.0,0.0,0.0,0.0,Y ,1039.96,1.0,4146.650000000001,45.0
227,1362753,3000.0,0.0,Y ,3000.0,2.0,5377.990000000001,46.0,Y ,79.24,1.0,2616.5100000000007,65.0,N,0.0,0.0,0.0,0.0
228,1363018,2300.0,0.0,Y ,2300.0,2.0,16506.24,54.0,Y ,1778.61,1.0,18576.189999999995,99.0,Y ,9387.66,1.0,11395.429999999998,48.0
229,1363222,1000.0,0.0,Y ,1000.0,2.0,9491.53,59.0,Y ,839.81,1.0,6985.579999999999,99.0,N,0.0,0.0,0.0,0.0
230,1362814,1000.0,0.0,Y ,1000.0,1.0,1769.3,19.0,Y ,656.39,1.0,7151.339999999997,99.0,N,0.0,0.0,0.0,0.0
231,1362610,1000.0,0.0,Y ,545.57,2.0,8038.870000000002,49.0,N,0.0,0.0,0.0,0.0,N,0.0,0.0,0.0,0.0
232,1363283,1100.0,0.0,Y ,1100.0,2.0,2614.91,29.0,Y ,18.54,1.0,6140.19,99.0,Y ,2.74,1.0,1063.17,19.0
233,1363344,1000.0,0.0,Y ,1000.0,2.0,12327.670000000006,60.0,Y ,68.95,1.0,6784.540000000002,99.0,Y ,253.92,1.0,924.7299999999998,24.0
234,1362875,3000.0,0.0,Y ,3000.0,2.0,5126.959999999999,38.0,Y ,1174.11,1.0,7538.119999999996,99.0,Y ,449.66,1.0,897.09,21.0
235,1362936,1000.0,0.0,Y ,244.47,1.0,2703.4900000000002,23.0,Y ,109.31,1.0,5720.709999999999,99.0,Y ,792.11,1.0,1490.9000000000003,25.0
236,1362671,1100.0,0.0,Y ,1100.0,1.0,1528.8400000000001,23.0,N,0.0,0.0,0.0,0.0,Y ,83.19,1.0,2262.77,39.0
237,1363201,1000.0,0.0,Y ,1000.0,2.0,2005.7600000000002,17.0,Y ,777.16,1.0,1935.2399999999998,17.0,Y ,74.54,1.0,517.84,23.0
238,1363140,1000.0,0.0,Y ,1000.0,1.0,2538.459999999999,31.0,Y ,0.0,1.0,3174.8399999999997,61.0,Y ,896.45,1.0,2191.27,26.0
239,1362793,1500.0,0.0,Y ,407.08,1.0,4702.210000000001,26.0,N ,291.67,1.0,12079.759999999998,99.0,Y ,404.56,1.0,1618.4,26.0
240,1362528,3000.0,0.0,Y ,540.09,2.0,8880.26,50.0,Y ,1087.54,1.0,9370.6,99.0,Y ,269.93,1.0,2106.42,31.0
241,1362650,1000.0,0.0,Y ,1000.0,0.0,1434.8000000000002,20.0,N,0.0,0.0,0.0,0.0,Y ,149.2,1.0,2284.46,38.0
242,1362997,1000.0,6.0,Y ,420.0,2.0,3783.9700000000003,36.0,Y ,222.05,1.0,2188.690000000001,66.0,Y ,201.95,1.0,3.0,12.0
243,1363384,8200.0,0.0,Y ,2231.29,2.0,27772.25,55.0,Y ,12.8,2.0,31693.399999999994,99.0,Y ,3419.28,1.0,3894.44,22.0
244,1363323,8700.0,0.0,Y ,1953.27,2.0,24134.250000000004,38.0,Y ,1083.14,2.0,33117.13,99.0,N,0.0,0.0,0.0,0.0
245,1363241,1500.0,0.0,Y ,1352.7,2.0,16640.87,70.0,Y ,18.37,1.0,8763.599999999999,99.0,Y ,1649.8,1.0,6645.03,47.0
246,1362568,3000.0,0.0,Y ,0.0,0.0,0.0,0.0,Y ,221.3,1.0,10013.180000000004,99.0,Y ,386.2,1.0,1325.1,30.0
247,1363403,1900.0,0.0,Y ,1900.0,2.0,2145.8199999999997,16.0,Y ,366.58,2.0,16471.26,99.0,Y ,1590.22,1.0,1788.42,21.0
248,1363037,1000.0,0.0,Y ,1000.0,1.0,1200.0,10.0,Y ,182.95,2.0,16460.700000000004,99.0,Y ,2054.92,1.0,2262.17,25.0
249,1362526,6600.0,0.0,Y ,1982.36,2.0,2853.35,12.0,Y ,140.01,1.0,14846.589999999991,99.0,Y ,1145.74,1.0,2998.4400000000005,24.0
250,1363302,2500.0,0.0,N ,0.0,2.0,5163.79,11.0,Y ,4023.58,1.0,17165.739999999998,99.0,N,0.0,0.0,0.0,0.0
251,1362791,3000.0,0.0,Y ,157.42,2.0,14660.259999999995,54.0,Y ,874.16,1.0,9732.619999999999,99.0,Y ,492.11,1.0,3972.9000000000005,40.0
252,1362894,3000.0,5.0,N ,1840.0,0.0,3361.75,34.0,N,0.0,0.0,0.0,0.0,Y ,360.28,1.0,4045.120000000001,28.0
253,1363056,1000.0,0.0,Y ,821.42,2.0,6674.519999999998,34.0,N,0.0,0.0,0.0,0.0,N,0.0,0.0,0.0,0.0
254,1362690,1200.0,0.0,Y ,1200.0,2.0,3631.3699999999994,42.0,Y ,282.92,1.0,12639.6,99.0,N ,111.34,1.0,737.0600000000001,18.0
255,1363117,1900.0,0.0,Y ,1112.8,2.0,15113.960000000005,48.0,Y ,0.0,1.0,5237.08,59.0,Y ,297.36,1.0,4.44,12.0
256,1363159,3000.0,0.0,N ,10.0,1.0,981.8399999999999,5.0,Y ,35.8,1.0,3540.1100000000006,68.0,N,0.0,0.0,0.0,0.0
257,1363382,1000.0,0.0,Y ,1000.0,1.0,2518.6400000000003,36.0,Y ,1544.52,1.0,9842.269999999999,99.0,Y ,272.05,1.0,884.4000000000001,24.0
258,1362547,4600.0,0.0,Y ,952.52,2.0,14604.250000000002,65.0,N,0.0,0.0,0.0,0.0,N,0.0,0.0,0.0,0.0
259,1362974,3000.0,0.0,Y ,271.87,2.0,3917.5,26.0,Y ,953.53,1.0,3031.4900000000002,56.0,N,0.0,0.0,0.0,0.0
260,1363016,6200.0,0.0,Y ,1223.77,2.0,32127.579999999994,69.0,N,0.0,0.0,0.0,0.0,N,0.0,0.0,0.0,0.0
261,1362770,3800.0,0.0,N ,20.0,2.0,27623.74000000001,49.0,Y ,237.69,1.0,20547.780000000013,99.0,N,0.0,0.0,0.0,0.0
262,1363485,5000.0,8.0,Y ,1000.0,1.0,5682.51,23.0,N,0.0,0.0,0.0,0.0,Y ,157.76,1.0,2.36,12.0
263,1362831,5600.0,0.0,Y ,5600.0,2.0,13019.770000000002,33.0,N ,123.78,1.0,3100.4,19.0,N,0.0,0.0,0.0,0.0
264,1363342,1600.0,0.0,Y ,1600.0,2.0,21626.920000000006,81.0,Y ,14.45,1.0,10078.569999999994,99.0,Y ,57.96,1.0,5605.770000000001,51.0
265,1363096,1000.0,0.0,Y ,0.0,1.0,395.46999999999997,5.0,N,0.0,0.0,0.0,0.0,N,0.0,0.0,0.0,0.0
266,1363138,1000.0,0.0,Y ,914.08,2.0,7491.920000000001,51.0,Y ,15.52,1.0,5174.170000000001,99.0,Y ,1293.45,1.0,1534.69,22.0
267,1363361,1300.0,0.0,Y ,462.28,2.0,10004.590000000004,43.0,N ,21.54,1.0,11475.87,99.0,N ,172.8,1.0,1645.62,15.0
268,1362730,3000.0,0.0,Y ,3000.0,2.0,4055.5300000000007,30.0,N ,19.1,1.0,6058.009999999999,99.0,N,0.0,0.0,0.0,0.0
269,1362484,3000.0,0.0,Y ,369.72,2.0,10041.329999999998,55.0,Y ,95.32,1.0,7717.620000000001,99.0,Y ,2122.17,1.0,3988.3999999999996,33.0
270,1363199,3000.0,0.0,Y ,127.09,1.0,4385.570000000001,21.0,N ,1248.05,1.0,2927.73,41.0,Y ,251.39,1.0,1428.8599999999997,21.0
271,1363422,2100.0,0.0,N ,20.0,2.0,6722.41,29.0,N,0.0,0.0,0.0,0.0,N ,14.34,2.0,3502.9700000000003,21.0
272,1362995,2300.0,0.0,N ,21.66,2.0,7582.810000000001,43.0,Y ,2007.33,1.0,18736.51,99.0,Y ,2978.58,1.0,11222.81,51.0
273,1363218,1100.0,0.0,Y ,1100.0,1.0,13158.620000000004,76.0,Y ,380.37,1.0,9439.930000000002,99.0,N,0.0,0.0,0.0,0.0
274,1362587,1000.0,0.0,Y ,859.44,1.0,10929.510000000004,79.0,Y ,292.0,1.0,10069.249999999993,99.0,Y ,1596.17,1.0,2376.5299999999997,33.0
275,1362810,3000.0,0.0,Y ,332.95,2.0,10945.609999999999,48.0,Y ,344.33,1.0,6135.769999999999,82.0,Y ,731.5,1.0,1374.21,24.0
276,1362852,1700.0,0.0,Y ,1700.0,2.0,3901.67,25.0,N ,59.5,1.0,14408.519999999997,99.0,N,0.0,0.0,0.0,0.0
277,1363075,3000.0,0.0,Y ,397.19,2.0,9037.82,55.0,N,0.0,0.0,0.0,0.0,N,0.0,0.0,0.0,0.0
278,1363321,5000.0,0.0,Y ,1133.39,2.0,13754.84,48.0,Y ,2748.89,1.0,10933.619999999995,99.0,Y ,1009.61,1.0,5338.71,36.0
279,1362972,3000.0,0.0,Y ,711.32,2.0,9522.269999999999,24.0,N,0.0,0.0,0.0,0.0,Y ,680.94,1.0,2327.8499999999995,24.0
280,1362709,1000.0,0.0,Y ,496.15,2.0,8787.340000000002,55.0,Y ,185.9,1.0,6689.539999999998,99.0,Y ,917.33,1.0,2221.0100000000007,40.0
281,1363441,1000.0,0.0,Y ,32.33,1.0,7743.9400000000005,43.0,Y ,145.82,1.0,4025.6100000000015,99.0,N ,581.29,1.0,2427.2999999999997,27.0
282,1362566,6400.0,0.0,N ,20.0,4.0,43068.32999999999,49.0,N ,38.1,2.0,58528.62000000001,99.0,N,0.0,0.0,0.0,0.0
283,1363237,14300.0,0.0,N ,0.0,4.0,8735.14,1.0,Y ,135.39,1.0,21854.05,99.0,Y ,756.74,1.0,11.249999999999996,12.0
284,1363035,1000.0,0.0,Y ,0.0,0.0,0.0,0.0,Y ,253.21,1.0,6147.389999999997,99.0,Y ,756.72,1.0,22.34,12.0
285,1362829,2500.0,0.0,Y ,2033.41,2.0,13567.449999999999,38.0,Y ,2516.2,1.0,13404.219999999994,99.0,Y ,2510.16,1.0,7555.210000000003,31.0
286,1362749,3000.0,0.0,Y ,3000.0,2.0,5933.159999999999,47.0,Y ,918.17,1.0,10092.720000000001,99.0,N ,136.05,1.0,560.9200000000001,16.0
287,1362686,3000.0,6.0,Y ,99.9,1.0,981.41,19.0,Y ,13.37,1.0,5384.429999999998,99.0,Y ,162.53,1.0,1232.17,25.0
288,1363483,1000.0,0.0,Y ,1000.0,1.0,13279.6,77.0,Y ,403.75,1.0,4830.470000000001,99.0,N,0.0,0.0,0.0,0.0
289,1363420,1100.0,0.0,Y ,1011.2,2.0,5044.659999999999,38.0,Y ,278.98,1.0,6665.709999999997,99.0,N,0.0,0.0,0.0,0.0
290,1362606,5500.0,0.0,Y ,1232.96,2.0,20392.14,55.0,Y ,1319.97,2.0,17551.420000000002,99.0,N,0.0,0.0,0.0,0.0
291,1362808,1600.0,0.0,Y ,1600.0,2.0,1600.0,13.0,N ,1724.92,2.0,17109.579999999994,99.0,N,0.0,0.0,0.0,0.0
292,1363197,3000.0,0.0,Y ,645.09,1.0,7359.689999999999,50.0,Y ,158.09,1.0,7902.210000000002,99.0,Y ,347.2,1.0,1090.01,21.0
293,1363399,1000.0,0.0,Y ,0.0,1.0,439.87,5.0,Y ,548.29,1.0,5968.790000000001,99.0,N,0.0,0.0,0.0,0.0
294,1363462,3000.0,0.0,Y ,3000.0,2.0,5067.850000000001,42.0,Y ,2421.03,1.0,161.43,24.0,Y ,2034.99,1.0,2473.6799999999994,24.0
295,1362991,3200.0,0.0,Y ,1343.81,2.0,12516.769999999997,64.0,Y ,77.44,1.0,5916.339999999996,99.0,Y ,369.81,1.0,706.3100000000001,24.0
296,1363054,1000.0,0.0,Y ,917.3,2.0,9886.789999999999,57.0,Y ,50.67,1.0,9727.019999999997,99.0,N,0.0,0.0,0.0,0.0
297,1362644,1000.0,0.0,Y ,463.65,2.0,2746.9100000000003,21.0,Y ,382.47,1.0,2995.030000000001,36.0,Y ,132.42,1.0,1.9399999999999997,12.0
298,1362850,1000.0,0.0,Y ,37.88,1.0,2449.23,21.0,Y ,1179.4,1.0,3025.4500000000007,52.0,Y ,120.25,1.0,1.7999999999999996,12.0
299,1363113,4500.0,0.0,Y ,660.4,1.0,3040.679999999999,17.0,N,0.0,0.0,0.0,0.0,Y ,1241.78,1.0,41.7,12.0
300,1362911,2200.0,0.0,N ,67.61,2.0,16773.03,51.0,Y ,43.24,1.0,12451.399999999998,99.0,N,0.0,0.0,0.0,0.0
301,1362705,1400.0,0.0,Y ,413.11,2.0,11058.150000000001,53.0,Y ,81.14,2.0,13959.249999999998,99.0,Y ,1415.16,1.0,5836.66,32.0
302,1362625,4500.0,0.0,Y ,735.29,2.0,11025.909999999996,40.0,N ,533.18,1.0,1751.2100000000003,23.0,N,0.0,0.0,0.0,0.0
303,1362501,3300.0,0.0,Y ,47.2,2.0,3343.76,12.0,Y ,1.8,1.0,9896.619999999994,77.0,N,0.0,0.0,0.0,0.0
304,1363216,1000.0,0.0,Y ,1000.0,1.0,2731.35,43.0,Y ,1015.46,1.0,7558.759999999999,99.0,Y ,105.54,1.0,4102.820000000001,40.0
305,1362562,9500.0,0.0,Y ,9500.0,2.0,10753.779999999999,27.0,Y ,5521.65,2.0,30387.199999999997,99.0,Y ,3864.77,1.0,8037.130000000001,40.0
306,1362930,1000.0,0.0,Y ,0.0,3.0,1029.53,3.0,N,0.0,0.0,0.0,0.0,Y ,800.42,1.0,2049.68,22.0
307,1363296,3000.0,0.0,Y ,1001.67,2.0,18830.660000000007,98.0,Y ,1.55,1.0,9672.700000000003,99.0,Y ,2505.34,1.0,1745.7799999999997,31.0
308,1362726,3000.0,0.0,Y ,918.66,1.0,6970.67,44.0,Y ,13.37,1.0,5541.089999999998,99.0,N,0.0,0.0,0.0,0.0
309,1362949,3000.0,0.0,Y ,3000.0,2.0,5160.52,45.0,Y ,14.7,1.0,8112.519999999999,99.0,Y ,389.24,1.0,3147.5,38.0
310,1363195,1000.0,0.0,Y ,1000.0,1.0,1656.8,19.0,Y ,579.16,1.0,6393.359999999998,99.0,Y ,764.77,1.0,956.1899999999999,22.0
311,1362541,3400.0,10.0,Y ,2093.96,0.0,2993.34,48.0,N,0.0,0.0,0.0,0.0,N,0.0,0.0,0.0,0.0
312,1363317,1000.0,0.0,Y ,307.6,2.0,5973.739999999999,32.0,Y ,269.76,1.0,4269.369999999999,73.0,Y ,186.53,1.0,2.7600000000000002,12.0
313,1363010,1000.0,0.0,Y ,648.51,1.0,5149.960000000001,44.0,Y ,1574.39,1.0,7031.959999999998,99.0,Y ,883.63,1.0,1176.84,22.0
314,1362909,4900.0,0.0,Y ,54.09,2.0,4151.93,12.0,N,0.0,0.0,0.0,0.0,Y ,1149.38,1.0,17.099999999999998,12.0
315,1362806,5900.0,0.0,Y ,1541.64,2.0,19327.549999999996,69.0,Y ,2561.24,1.0,18645.03,99.0,Y ,284.58,1.0,4368.419999999999,40.0
316,1362766,5100.0,0.0,N ,20.0,3.0,35259.880000000005,47.0,Y ,4359.83,1.0,37314.61000000001,99.0,Y ,22432.78,2.0,25310.079999999998,55.0
317,1363275,1000.0,0.0,Y ,805.19,2.0,10806.19,60.0,Y ,46.55,1.0,5742.2999999999965,99.0,N,0.0,0.0,0.0,0.0
318,1362888,14100.0,0.0,Y ,6454.87,2.0,66163.49,109.0,Y ,4139.88,2.0,24254.330000000005,99.0,N,0.0,0.0,0.0,0.0
319,1362663,4400.0,0.0,Y ,4400.0,2.0,8333.550000000001,51.0,Y ,92.92,1.0,8063.979999999997,99.0,N,0.0,0.0,0.0,0.0
320,1362480,2500.0,0.0,N ,20.0,2.0,8453.58,32.0,Y ,86.86,1.0,13909.249999999995,99.0,Y ,1187.97,1.0,3348.0,26.0
321,1362520,2900.0,0.0,N ,20.0,2.0,18318.109999999997,45.0,Y ,333.11,1.0,14866.849999999995,99.0,N,0.0,0.0,0.0,0.0
322,1362602,4700.0,0.0,Y ,1661.44,2.0,24119.63,65.0,Y ,626.79,1.0,7404.089999999993,99.0,Y ,2735.3,1.0,4572.320000000001,41.0
323,1363458,1100.0,0.0,Y ,596.63,2.0,6749.659999999999,40.0,Y ,2.5,1.0,7420.019999999997,99.0,Y ,160.66,1.0,1598.2999999999997,31.0
324,1363071,1000.0,0.0,Y ,298.42,1.0,5133.859999999999,44.0,Y ,175.42,1.0,10439.939999999999,99.0,N ,1083.77,1.0,2668.4799999999996,27.0
325,1363254,1000.0,0.0,Y ,31.04,2.0,10033.05,53.0,N ,737.37,1.0,7276.2999999999965,93.0,N ,2019.49,1.0,17.58,7.0
326,1362928,1000.0,0.0,Y ,596.11,2.0,16477.06,80.0,Y ,3.8,1.0,7530.719999999999,99.0,N,0.0,0.0,0.0,0.0
327,1362703,1300.0,0.0,Y ,947.81,2.0,13894.279999999999,57.0,Y ,107.33,2.0,17211.529999999995,99.0,Y ,7144.39,1.0,3470.2999999999997,36.0
328,1363193,1500.0,0.0,Y ,1442.0,2.0,9205.320000000002,39.0,Y ,4048.98,2.0,8853.08,56.0,Y ,598.57,1.0,2037.53,25.0
329,1362825,1000.0,0.0,Y ,1000.0,1.0,2282.8900000000003,33.0,N ,306.26,2.0,12346.840000000002,99.0,Y ,50.77,1.0,1674.6300000000003,36.0
330,1362642,1000.0,0.0,Y ,1000.0,2.0,11451.26,71.0,Y ,112.61,1.0,4742.609999999998,99.0,Y ,91.21,1.0,1728.2499999999995,31.0
331,1363294,4400.0,0.0,Y ,3157.9,2.0,3157.9,19.0,N,0.0,0.0,0.0,0.0,Y ,763.8,1.0,22.549999999999997,12.0
332,1362499,1900.0,0.0,Y ,1900.0,2.0,4993.549999999999,38.0,N,0.0,0.0,0.0,0.0,N,0.0,0.0,0.0,0.0
333,1363008,5300.0,0.0,N ,10.0,2.0,8184.439999999999,31.0,Y ,23.16,2.0,14448.78,82.0,Y ,9341.84,1.0,276.39,12.0
334,1362621,1000.0,0.0,Y ,1000.0,2.0,1715.12,10.0,Y ,121.73,1.0,6806.740000000002,81.0,Y ,1498.4,1.0,1203.75,21.0
335,1363130,1000.0,0.0,Y ,80.56,1.0,14791.200000000006,77.0,Y ,130.75,1.0,5335.459999999999,99.0,Y ,68.7,1.0,2102.8199999999997,31.0
336,1363355,3000.0,0.0,Y ,291.58,2.0,8851.33,44.0,N,0.0,0.0,0.0,0.0,Y ,2229.96,1.0,1108.3899999999999,23.0
337,1362722,2200.0,0.0,Y ,1469.22,2.0,12000.469999999998,35.0,Y ,696.51,2.0,23888.81,99.0,Y ,261.18,1.0,3.8699999999999997,12.0
338,1362947,1000.0,0.0,Y ,1000.0,2.0,1315.2500000000002,12.0,N,0.0,0.0,0.0,0.0,N,0.0,0.0,0.0,0.0
339,1362579,3000.0,8.0,N ,1050.0,1.0,12431.380000000001,86.0,Y ,431.33,1.0,7848.279999999999,99.0,N,0.0,0.0,0.0,0.0
340,1362743,3000.0,0.0,Y ,3000.0,1.0,6899.0999999999985,58.0,Y ,1736.57,1.0,8598.5,99.0,Y ,2885.15,1.0,3171.74,24.0
341,1362844,3000.0,0.0,Y ,584.13,2.0,11211.390000000001,60.0,Y ,162.1,1.0,7514.279999999996,99.0,Y ,1493.41,1.0,2335.8999999999996,36.0
342,1363212,3000.0,0.0,Y ,3000.0,2.0,5491.66,41.0,Y ,16.9,1.0,5576.989999999997,99.0,N,0.0,0.0,0.0,0.0
343,1363313,1000.0,0.0,Y ,11.12,1.0,3364.78,25.0,Y ,10.42,1.0,6598.670000000001,99.0,N,0.0,0.0,0.0,0.0
344,1362804,10200.0,0.0,Y ,682.34,2.0,33734.01,50.0,Y ,1315.0,2.0,27030.890000000003,99.0,Y ,450.37,1.0,2539.12,21.0
345,1362701,5800.0,0.0,Y ,0.0,0.0,0.0,0.0,Y ,223.09,1.0,3789.7900000000004,39.0,Y ,1805.16,1.0,4249.020000000001,26.0
346,1362661,1000.0,0.0,Y ,1000.0,2.0,9302.099999999999,57.0,N,0.0,0.0,0.0,0.0,Y ,2226.62,1.0,5017.259999999999,40.0
347,1363170,1000.0,0.0,Y ,904.09,2.0,10319.630000000003,55.0,Y ,329.36,1.0,8438.77,99.0,N,0.0,0.0,0.0,0.0
348,1362926,1000.0,0.0,Y ,1000.0,2.0,8155.570000000001,48.0,Y ,3.39,1.0,9280.039999999999,99.0,Y ,1230.28,1.0,3624.0200000000013,31.0
349,1363435,1000.0,0.0,Y ,643.34,2.0,7887.089999999997,48.0,Y ,329.74,1.0,10384.939999999997,99.0,N,0.0,0.0,0.0,0.0
350,1363395,3000.0,5.0,N ,730.0,1.0,6353.7699999999995,30.0,Y ,1520.9,1.0,6146.46,99.0,Y ,136.18,1.0,2.0399999999999996,12.0
351,1362823,2200.0,0.0,N ,98.04,2.0,6064.59,15.0,Y ,7.35,1.0,3395.83,42.0,Y ,491.88,1.0,2118.17,21.0
352,1363252,1000.0,0.0,Y ,1000.0,1.0,2401.4600000000005,32.0,Y ,32.18,1.0,6755.900000000001,99.0,Y ,181.99,1.0,2.72,12.0
353,1362680,1000.0,0.0,Y ,1000.0,1.0,2952.2299999999996,23.0,Y ,848.22,1.0,7063.769999999993,99.0,N,0.0,0.0,0.0,0.0
354,1362640,3000.0,0.0,Y ,751.28,2.0,13343.4,65.0,N,0.0,0.0,0.0,0.0,Y ,1698.93,1.0,2693.74,35.0
355,1363006,3000.0,0.0,Y ,1628.72,2.0,4614.390000000001,28.0,Y ,897.68,1.0,9615.42,99.0,Y ,245.66,1.0,3.65,12.0
356,1362905,1000.0,0.0,Y ,915.75,1.0,2108.57,20.0,Y ,10.18,1.0,6699.129999999997,99.0,Y ,688.98,1.0,837.6100000000001,23.0
357,1363475,3700.0,0.0,Y ,727.2,1.0,11795.96,48.0,Y ,136.95,1.0,7617.719999999996,99.0,N,0.0,0.0,0.0,0.0
358,1363374,1000.0,0.0,Y ,0.0,0.0,0.0,0.0,Y ,0.0,1.0,452.89,38.0,Y ,601.14,1.0,17.75,12.0
359,1362598,2500.0,0.0,N ,20.0,1.0,1909.2900000000002,13.0,N ,13.54,2.0,16905.07,74.0,N,0.0,0.0,0.0,0.0
360,1362966,3000.0,0.0,Y ,1586.27,2.0,17250.630000000005,77.0,Y ,63.32,1.0,7420.219999999997,99.0,Y ,124.13,1.0,1061.4,25.0
361,1363332,2900.0,0.0,N ,839.43,2.0,5970.860000000001,22.0,N,0.0,0.0,0.0,0.0,N,0.0,0.0,0.0,0.0
362,1362619,8000.0,0.0,Y ,0.0,4.0,3905.04,1.0,Y ,759.22,1.0,13644.879999999997,99.0,Y ,1133.1,1.0,33.449999999999996,12.0
363,1363128,3000.0,0.0,Y ,140.0,2.0,3645.6399999999994,27.0,Y ,3422.66,1.0,2361.34,32.0,Y ,2211.69,1.0,32.9,12.0
364,1363088,1400.0,0.0,Y ,739.86,2.0,13279.010000000002,54.0,Y ,769.47,1.0,9137.549999999996,99.0,Y ,1426.1,1.0,3492.309999999999,33.0
365,1362720,1000.0,0.0,Y ,1000.0,2.0,9000.0,42.0,Y ,216.74,1.0,6121.439999999998,99.0,Y ,1497.85,1.0,2781.86,40.0
366,1363353,6000.0,0.0,Y ,1504.14,2.0,25075.689999999995,69.0,Y ,13.96,1.0,14101.3,99.0,N ,1663.95,2.0,3952.749999999999,26.0
367,1362985,1000.0,0.0,Y ,1000.0,1.0,11864.319999999998,59.0,Y ,65.82,1.0,7392.489999999995,99.0,Y ,1967.7,1.0,2871.019999999999,36.0
368,1362945,3000.0,0.0,Y ,505.56,2.0,7173.550000000002,40.0,Y ,375.14,1.0,7469.209999999996,99.0,N ,1804.89,1.0,2266.81,20.0
369,1363454,3000.0,0.0,Y ,1336.4,2.0,18588.89000000001,84.0,Y ,312.45,1.0,10571.259999999998,99.0,Y ,782.26,1.0,1792.3599999999997,26.0
370,1363414,1300.0,0.0,Y ,202.13,2.0,7010.76,40.0,Y ,2438.22,1.0,11781.199999999999,99.0,Y ,1411.05,1.0,2303.8500000000004,21.0
371,1362577,4300.0,0.0,Y ,1808.22,2.0,11282.86,21.0,Y ,347.65,1.0,19103.559999999998,99.0,N,0.0,0.0,0.0,0.0
372,1363210,1000.0,0.0,Y ,889.68,2.0,6278.4299999999985,42.0,Y ,121.53,1.0,7565.489999999997,99.0,Y ,52.26,1.0,413.50999999999993,22.0
373,1363311,2700.0,0.0,Y ,2700.0,0.0,2700.0,12.0,Y ,968.46,2.0,22006.449999999997,99.0,Y ,299.67,1.0,2462.9300000000003,27.0
374,1363271,3000.0,0.0,Y ,1179.95,2.0,8928.449999999999,44.0,Y ,876.19,1.0,12061.86,99.0,Y ,678.94,1.0,3730.98,33.0
375,1362903,1500.0,0.0,Y ,1500.0,2.0,3347.5,33.0,N,0.0,0.0,0.0,0.0,Y ,3704.8,1.0,1708.9200000000005,26.0
376,1362924,1000.0,0.0,Y ,1000.0,2.0,3513.2599999999998,24.0,Y ,0.0,1.0,6285.700000000002,80.0,Y ,5287.76,1.0,157.62000000000003,12.0
377,1362699,1200.0,0.0,Y ,677.69,2.0,11265.169999999998,51.0,Y ,600.51,1.0,5959.279999999999,99.0,N,0.0,0.0,0.0,0.0
378,1363393,1000.0,0.0,Y ,1000.0,1.0,13000.0,89.0,Y ,174.05,1.0,4913.150000000002,99.0,N,0.0,0.0,0.0,0.0
379,1363433,1000.0,0.0,Y ,0.0,2.0,2311.28,16.0,Y ,1155.25,1.0,7447.37,81.0,N,0.0,0.0,0.0,0.0
380,1362516,1500.0,0.0,Y ,430.72,2.0,9197.830000000002,40.0,Y ,3291.88,1.0,1716.9699999999998,24.0,N,0.0,0.0,0.0,0.0
381,1362556,2800.0,0.0,N ,20.0,2.0,14174.860000000002,42.0,N,0.0,0.0,0.0,0.0,Y ,439.42,1.0,1835.5600000000002,22.0
382,1363107,3000.0,0.0,Y ,89.15,1.0,2458.48,22.0,N ,28.8,1.0,1040.6599999999999,28.0,N,0.0,0.0,0.0,0.0
383,1362882,2200.0,0.0,Y ,33.52,1.0,2118.56,12.0,Y ,4.69,1.0,15624.999999999989,91.0,N,0.0,0.0,0.0,0.0
384,1362964,1000.0,0.0,Y ,1000.0,1.0,2359.0699999999997,32.0,Y ,621.41,1.0,8664.96,99.0,N ,119.39,1.0,0.9,6.0
385,1363147,1000.0,0.0,Y ,202.99,2.0,7352.77,48.0,Y ,331.93,1.0,7065.849999999997,99.0,Y ,1152.38,1.0,3060.9300000000003,36.0
386,1363229,3000.0,0.0,Y ,1143.13,2.0,8848.55,60.0,N,0.0,0.0,0.0,0.0,Y ,536.08,1.0,887.9900000000001,27.0
387,1363004,1000.0,0.0,Y ,505.43,2.0,5683.12,37.0,Y ,644.11,1.0,3589.4500000000007,56.0,Y ,169.81,1.0,2.52,12.0
388,1362821,1000.0,0.0,Y ,0.0,1.0,994.49,7.0,Y ,994.79,1.0,3957.92,53.0,N,0.0,0.0,0.0,0.0
389,1362718,2500.0,0.0,Y ,78.8,1.0,1964.91,12.0,Y ,702.56,1.0,10.459999999999999,12.0,Y ,1918.23,1.0,56.620000000000005,12.0
390,1362617,1000.0,0.0,Y ,306.84,1.0,956.7299999999999,13.0,Y ,53.6,1.0,4237.680000000001,55.0,Y ,138.02,1.0,2.0399999999999996,12.0
391,1363187,2300.0,0.0,Y ,2300.0,2.0,5609.579999999998,30.0,N ,22.94,1.0,14034.380000000001,99.0,Y ,335.7,1.0,5.0,12.0
392,1363086,3000.0,0.0,Y ,130.9,1.0,6269.100000000002,31.0,N,0.0,0.0,0.0,0.0,Y ,1196.95,1.0,1327.2399999999998,23.0
393,1363044,1000.0,0.0,Y ,523.08,2.0,8574.26,47.0,N,0.0,0.0,0.0,0.0,N,0.0,0.0,0.0,0.0
394,1362535,1300.0,1.0,Y ,0.0,0.0,207.15,73.0,N,0.0,0.0,0.0,0.0,N,0.0,0.0,0.0,0.0
395,1362697,3000.0,0.0,Y ,0.0,0.0,0.0,0.0,Y ,11.38,1.0,7634.830000000001,99.0,Y ,596.47,1.0,970.63,21.0
396,1362657,4200.0,0.0,Y ,0.0,0.0,0.0,0.0,Y ,22.1,1.0,9487.249999999996,79.0,N,0.0,0.0,0.0,0.0
397,1363492,7100.0,0.0,Y ,6869.0,3.0,17495.819999999996,29.0,Y ,106.14,1.0,25312.950000000008,99.0,Y ,1116.1,1.0,6124.5,25.0
398,1363126,2900.0,0.0,Y ,2900.0,2.0,15796.39,41.0,Y ,2541.96,2.0,25065.609999999997,99.0,Y ,3138.91,1.0,5589.209999999999,32.0
399,1362737,6600.0,0.0,Y ,6600.0,2.0,24983.52,69.0,Y ,195.13,1.0,15128.209999999994,99.0,N,0.0,0.0,0.0,0.0
400,1362636,1000.0,0.0,Y ,1000.0,2.0,8558.39,59.0,Y ,19.2,1.0,7278.260000000002,99.0,N,0.0,0.0,0.0,0.0
401,1363206,6300.0,0.0,Y ,5490.45,2.0,7384.909999999999,29.0,N,0.0,0.0,0.0,0.0,N,0.0,0.0,0.0,0.0
402,1363370,1000.0,0.0,Y ,746.6,2.0,6145.879999999999,40.0,N,0.0,0.0,0.0,0.0,Y ,149.17,1.0,2.2199999999999998,12.0
403,1363471,4500.0,0.0,Y ,3229.66,2.0,12176.590000000004,53.0,Y ,153.91,1.0,8796.539999999995,99.0,Y ,1777.03,1.0,1838.5699999999997,22.0
404,1362962,1000.0,0.0,Y ,609.74,2.0,14164.299999999996,70.0,Y ,309.49,1.0,5387.299999999997,99.0,N,0.0,0.0,0.0,0.0
405,1362594,17300.0,0.0,N ,0.0,2.0,32856.38,54.0,Y ,4418.79,2.0,39287.73999999999,99.0,Y ,6619.84,1.0,15460.750000000002,38.0
406,1363227,3000.0,0.0,Y ,588.15,2.0,6637.19,36.0,Y ,3342.38,1.0,9045.890000000003,99.0,N,0.0,0.0,0.0,0.0
407,1363328,1000.0,0.0,Y ,538.93,2.0,1959.03,13.0,Y ,669.27,1.0,5459.779999999997,59.0,Y ,1308.55,1.0,1409.3700000000006,21.0
408,1363288,2100.0,0.0,Y ,1980.9,2.0,14212.869999999997,48.0,Y ,1393.38,1.0,12152.809999999996,99.0,Y ,244.85,1.0,4452.2300000000005,31.0
409,1362920,1000.0,0.0,Y ,0.0,0.0,0.0,0.0,Y ,1297.06,1.0,2033.0100000000002,43.0,Y ,739.98,1.0,21.849999999999998,12.0
410,1363084,1700.0,0.0,Y ,1700.0,2.0,2345.3999999999996,16.0,Y ,1909.09,2.0,15921.740000000003,99.0,N,0.0,0.0,0.0,0.0
411,1363185,1000.0,0.0,Y ,1000.0,1.0,1342.24,18.0,N ,867.84,1.0,9962.880000000001,99.0,N,0.0,0.0,0.0,0.0
412,1363410,1400.0,0.0,Y ,0.0,0.0,0.0,0.0,Y ,8.13,1.0,4832.549999999999,59.0,Y ,895.56,1.0,26.43,12.0
413,1362777,3300.0,0.0,Y ,1868.87,2.0,30681.650000000012,137.0,N,0.0,0.0,0.0,0.0,Y ,29.46,1.0,3892.2200000000003,55.0
414,1363002,6100.0,0.0,Y ,2684.46,2.0,69112.9,155.0,Y ,1137.89,1.0,15988.449999999993,99.0,N,0.0,0.0,0.0,0.0
415,1363164,1200.0,0.0,Y ,1200.0,2.0,15933.279999999999,82.0,Y ,312.13,1.0,6674.619999999995,99.0,Y ,258.05,1.0,2496.2000000000003,37.0
416,1363267,12600.0,6.0,Y ,1271.39,2.0,6833.370000000001,49.0,Y ,612.74,1.0,19597.580000000005,99.0,Y ,1699.39,1.0,4076.739999999999,25.0
417,1362613,1000.0,0.0,Y ,1000.0,1.0,2731.5000000000005,34.0,N,0.0,0.0,0.0,0.0,Y ,338.98,1.0,1165.2099999999998,28.0
418,1362512,3000.0,0.0,Y ,1880.46,2.0,3020.5100000000007,26.0,Y ,1295.93,1.0,10257.58,99.0,N ,1194.36,2.0,2088.3199999999997,18.0
419,1363082,1800.0,0.0,Y ,907.82,2.0,7884.870000000001,31.0,Y ,314.35,1.0,11129.93,94.0,N,0.0,0.0,0.0,0.0
420,1363307,3000.0,0.0,Y ,1199.3,1.0,15637.559999999998,84.0,Y ,314.27,1.0,10126.36,99.0,N ,265.35,1.0,2090.44,33.0
421,1362939,7100.0,0.0,Y ,772.03,2.0,37365.54999999999,69.0,Y ,1703.2,1.0,13473.179999999993,99.0,Y ,1173.89,1.0,8801.279999999999,40.0
422,1363103,2200.0,0.0,N ,513.06,2.0,10657.97,33.0,Y ,29.87,1.0,15051.909999999996,99.0,N,0.0,0.0,0.0,0.0
423,1362735,3000.0,0.0,Y ,3000.0,1.0,3000.0000000000005,30.0,Y ,84.65,1.0,9484.109999999999,99.0,Y ,288.87,1.0,1317.9999999999998,30.0
424,1362960,8600.0,0.0,Y ,8600.0,2.0,16476.109999999997,40.0,N,0.0,0.0,0.0,0.0,Y ,6273.27,1.0,7704.42,33.0
425,1363204,1200.0,0.0,Y ,1200.0,2.0,6395.290000000001,34.0,N,0.0,0.0,0.0,0.0,N,0.0,0.0,0.0,0.0
426,1363429,3000.0,0.0,N ,1739.74,2.0,4717.81,13.0,Y ,299.71,1.0,4.44,12.0,Y ,171.9,1.0,2.52,12.0
427,1362592,3300.0,0.0,N ,310.1,2.0,10551.07,28.0,Y ,343.51,1.0,19714.740000000005,99.0,N,0.0,0.0,0.0,0.0
428,1362552,1000.0,0.0,Y ,493.17,1.0,7859.680000000001,59.0,Y ,7.42,1.0,5452.44,99.0,N,0.0,0.0,0.0,0.0
429,1363326,3800.0,0.0,Y ,0.0,0.0,0.0,0.0,Y ,2945.14,1.0,13831.599999999995,49.0,Y ,578.09,1.0,9.35,13.0
430,1362817,1000.0,0.0,Y ,1000.0,1.0,2821.02,36.0,Y ,219.6,1.0,6321.159999999997,99.0,Y ,754.8,1.0,2657.229999999999,30.0
431,1362918,1000.0,0.0,Y ,1000.0,1.0,2565.2799999999997,42.0,Y ,142.87,1.0,7045.799999999997,99.0,Y ,270.7,1.0,1109.9099999999999,24.0
432,1363408,1800.0,0.0,Y ,1800.0,2.0,4773.03,31.0,N ,30.85,1.0,13020.189999999995,99.0,Y ,1056.1,1.0,1875.8000000000006,32.0
433,1363387,1000.0,0.0,Y ,1000.0,1.0,2376.080000000001,32.0,Y ,959.6,1.0,8550.509999999998,99.0,Y ,110.52,1.0,2751.49,38.0
434,1362531,2200.0,0.0,Y ,2200.0,2.0,5138.17,32.0,Y ,2290.23,2.0,18774.520000000004,99.0,N,0.0,0.0,0.0,0.0
435,1362775,1000.0,0.0,Y ,629.25,2.0,4859.650000000001,33.0,N,0.0,0.0,0.0,0.0,N,0.0,0.0,0.0,0.0
436,1363265,1200.0,0.0,Y ,133.12,2.0,12556.140000000001,50.0,Y ,805.19,2.0,14479.35,99.0,Y ,900.52,1.0,1420.55,23.0
437,1363040,1900.0,0.0,Y ,1900.0,2.0,3513.9500000000003,18.0,N,0.0,0.0,0.0,0.0,Y ,37.27,1.0,1606.97,26.0
438,1362857,1000.0,0.0,Y ,357.0,2.0,9054.460000000001,56.0,Y ,7.47,1.0,4060.7700000000013,99.0,Y ,196.62,1.0,1891.6100000000001,24.0
439,1362489,2800.0,0.0,N ,20.0,2.0,13897.600000000002,35.0,Y ,125.43,1.0,12808.289999999999,99.0,Y ,373.65,1.0,2138.3100000000004,22.0
440,1362653,1600.0,0.0,Y ,1188.57,2.0,8172.03,32.0,Y ,1023.15,1.0,10081.269999999997,99.0,N,0.0,0.0,0.0,0.0
441,1362754,3000.0,0.0,Y ,0.0,1.0,1470.7300000000002,16.0,Y ,68.84,1.0,7732.280000000001,99.0,Y ,240.75,1.0,859.4599999999999,21.0
442,1362714,1000.0,0.0,Y ,457.29,1.0,9947.749999999998,60.0,N,0.0,0.0,0.0,0.0,N,0.0,0.0,0.0,0.0
443,1363223,3700.0,0.0,Y ,586.29,2.0,9131.55,40.0,Y ,1839.28,2.0,13237.33,99.0,Y ,2771.42,1.0,1196.87,21.0
444,1363448,1400.0,0.0,Y ,1400.0,2.0,4041.27,42.0,N ,1961.87,2.0,15239.640000000005,99.0,Y ,1763.31,1.0,4222.47,40.0
445,1362611,3600.0,0.0,Y ,133.87,2.0,10784.859999999999,44.0,Y ,361.31,1.0,1.5,2.0,N,0.0,0.0,0.0,0.0
446,1362571,1000.0,0.0,Y ,959.28,1.0,1961.1599999999999,21.0,N ,62.94,1.0,4477.82,89.0,Y ,1741.09,1.0,1010.2200000000003,21.0
447,1363345,2700.0,0.0,Y ,2700.0,2.0,18992.16,45.0,Y ,2345.06,1.0,14726.269999999991,99.0,N,0.0,0.0,0.0,0.0
448,1362836,1000.0,0.0,Y ,1000.0,1.0,3060.1300000000006,41.0,Y ,7.72,1.0,5320.72,99.0,N ,1009.19,1.0,4364.650000000001,45.0
449,1362937,2300.0,0.0,N ,0.0,2.0,16045.880000000003,40.0,Y ,377.3,1.0,15940.509999999998,99.0,N,0.0,0.0,0.0,0.0
450,1363101,7900.0,0.0,Y ,2054.32,2.0,18839.610000000008,45.0,N,0.0,0.0,0.0,0.0,Y ,6015.58,1.0,92.56,16.0
451,1363059,1200.0,0.0,Y ,1200.0,2.0,2705.5199999999995,30.0,Y ,24.41,1.0,10736.469999999996,99.0,N,0.0,0.0,0.0,0.0
452,1362693,1000.0,0.0,Y ,1000.0,1.0,1959.02,21.0,Y ,659.45,1.0,7625.349999999997,99.0,Y ,10.34,1.0,466.23999999999995,24.0
453,1363385,1000.0,0.0,Y ,0.0,2.0,7041.920000000001,38.0,N,0.0,0.0,0.0,0.0,Y ,1720.35,1.0,2700.26,31.0
454,1363427,4200.0,0.0,N ,20.0,2.0,11244.909999999998,23.0,Y ,809.67,1.0,29594.800000000025,99.0,N,0.0,0.0,0.0,0.0
455,1362508,3000.0,0.0,Y ,1072.17,1.0,17769.220000000016,87.0,Y ,75.11,1.0,9117.729999999998,99.0,Y ,255.11,1.0,2749.01,33.0
456,1362815,1000.0,0.0,Y ,1000.0,1.0,1231.68,20.0,Y ,816.6,1.0,9785.559999999998,99.0,Y ,348.98,1.0,1539.83,26.0
457,1363038,1800.0,0.0,Y ,1800.0,2.0,3032.57,24.0,Y ,459.03,1.0,7243.2199999999975,99.0,Y ,508.26,1.0,5056.670000000002,33.0
458,1363284,1800.0,0.0,Y ,965.92,2.0,10206.829999999998,37.0,Y ,946.08,1.0,10810.869999999995,99.0,Y ,860.93,1.0,4787.68,31.0
459,1362630,3000.0,0.0,N ,962.62,1.0,10729.880000000001,42.0,Y ,127.75,2.0,12278.660000000002,99.0,N,0.0,0.0,0.0,0.0
460,1362672,1000.0,0.0,Y ,226.57,1.0,1144.37,17.0,Y ,669.16,1.0,4700.980000000001,67.0,N,0.0,0.0,0.0,0.0
461,1362895,1300.0,0.0,Y ,1300.0,2.0,3425.6900000000005,27.0,N,0.0,0.0,0.0,0.0,Y ,96.25,1.0,1410.7700000000002,28.0
462,1362529,2200.0,0.0,N ,433.43,2.0,7634.330000000003,39.0,N ,1007.92,1.0,11649.07999999999,99.0,Y ,873.14,1.0,2331.0799999999995,21.0
463,1363364,3000.0,0.0,N ,1785.97,2.0,15457.270000000002,75.0,Y ,296.28,1.0,9901.079999999994,99.0,N,0.0,0.0,0.0,0.0
464,1363467,1500.0,0.0,Y ,1500.0,2.0,16725.6,74.0,Y ,58.47,2.0,12921.070000000003,99.0,N,0.0,0.0,0.0,0.0
465,1363263,3000.0,0.0,Y ,1218.94,1.0,13296.939999999999,76.0,N,0.0,0.0,0.0,0.0,N,0.0,0.0,0.0,0.0
466,1362569,9200.0,0.0,Y ,9200.0,2.0,9200.000000000002,28.0,Y ,46.48,1.0,16219.81,99.0,N,0.0,0.0,0.0,0.0
467,1363303,1000.0,0.0,Y ,1000.0,1.0,10065.28,61.0,Y ,39.22,1.0,9362.369999999995,99.0,N,0.0,0.0,0.0,0.0
468,1363465,0.0,0.0,N,0.0,0.0,0.0,0.0,Y ,1632.35,1.0,6125.509999999999,63.0,Y ,590.92,1.0,17.439999999999998,12.0
469,1362670,0.0,0.0,N,0.0,0.0,0.0,0.0,N ,106.94,1.0,10910.050000000001,99.0,N,0.0,0.0,0.0,0.0
470,1363404,0.0,0.0,N,0.0,0.0,0.0,0.0,Y ,823.63,1.0,5054.08,99.0,Y ,550.73,1.0,2022.3200000000002,33.0
471,1363179,0.0,0.0,N,0.0,0.0,0.0,0.0,Y ,36.7,1.0,7189.25,99.0,N,0.0,0.0,0.0,0.0
472,1363301,0.0,0.0,N,0.0,0.0,0.0,0.0,Y ,285.21,2.0,16258.819999999994,99.0,Y ,417.32,1.0,4356.349999999999,33.0
473,1363015,0.0,0.0,N,0.0,0.0,0.0,0.0,Y ,208.03,1.0,6971.729999999995,99.0,Y ,385.97,1.0,5.760000000000002,12.0
474,1362851,0.0,0.0,N,0.0,0.0,0.0,0.0,Y ,635.97,2.0,27659.18999999999,99.0,N,0.0,0.0,0.0,0.0
475,1363442,0.0,0.0,N,0.0,0.0,0.0,0.0,Y ,90.63,1.0,33755.66000000002,99.0,N,0.0,0.0,0.0,0.0
476,1363095,0.0,0.0,N,0.0,0.0,0.0,0.0,Y ,187.99,1.0,6293.739999999999,82.0,Y ,868.08,1.0,1934.9399999999996,27.0
477,1362931,0.0,0.0,N,0.0,0.0,0.0,0.0,Y ,713.56,2.0,20256.79,99.0,N,0.0,0.0,0.0,0.0
478,1363318,0.0,0.0,N,0.0,0.0,0.0,0.0,Y ,89.49,1.0,8867.339999999997,99.0,N,0.0,0.0,0.0,0.0
479,1362992,0.0,0.0,N,0.0,0.0,0.0,0.0,Y ,5.85,1.0,4686.8,99.0,N,0.0,0.0,0.0,0.0
480,1363480,0.0,0.0,N,0.0,0.0,0.0,0.0,Y ,33.77,1.0,6820.279999999995,99.0,N,0.0,0.0,0.0,0.0
481,1363337,0.0,0.0,N,0.0,0.0,0.0,0.0,Y ,1180.64,1.0,31957.81000000001,99.0,Y ,7766.05,1.0,18899.170000000002,40.0
482,1363154,0.0,0.0,N,0.0,0.0,0.0,0.0,Y ,20.3,1.0,5516.649999999998,99.0,N,0.0,0.0,0.0,0.0
483,1363255,0.0,0.0,N,0.0,0.0,0.0,0.0,Y ,20.46,1.0,7133.329999999997,99.0,N,0.0,0.0,0.0,0.0
484,1362887,0.0,0.0,N,0.0,0.0,0.0,0.0,Y ,2427.18,1.0,27918.920000000006,99.0,N ,4262.93,2.0,10993.77,24.0
485,1362500,0.0,0.0,N,0.0,0.0,0.0,0.0,Y ,1470.14,1.0,5065.109999999998,18.0,Y ,335.99,1.0,5.01,12.0
486,1362540,0.0,0.0,N,0.0,0.0,0.0,0.0,Y ,1515.35,2.0,22899.309999999998,99.0,N,0.0,0.0,0.0,0.0
487,1363009,0.0,0.0,N,0.0,0.0,0.0,0.0,Y ,9253.73,1.0,16384.119999999995,45.0,N,0.0,0.0,0.0,0.0
488,1362662,0.0,0.0,N,0.0,0.0,0.0,0.0,Y ,139.01,1.0,9783.940000000002,99.0,N,0.0,0.0,0.0,0.0
489,1363375,0.0,0.0,N,0.0,0.0,0.0,0.0,Y ,172.83,1.0,5042.449999999999,99.0,N,0.0,0.0,0.0,0.0
490,1362498,0.0,0.0,N,0.0,0.0,0.0,0.0,Y ,172.66,1.0,3502.0700000000006,57.0,Y ,2307.85,1.0,34.339999999999996,12.0
491,1362702,0.0,0.0,N,0.0,0.0,0.0,0.0,Y ,428.94,1.0,6774.479999999999,99.0,Y ,12.53,1.0,1894.47,30.0
492,1362620,0.0,0.0,N,0.0,0.0,0.0,0.0,Y ,243.04,2.0,16640.07,99.0,N,0.0,0.0,0.0,0.0
493,1362967,0.0,0.0,N,0.0,0.0,0.0,0.0,Y ,271.49,1.0,9277.109999999999,99.0,N,0.0,0.0,0.0,0.0
494,1363436,0.0,0.0,N,0.0,0.0,0.0,0.0,Y ,218.93,1.0,4070.540000000001,99.0,N,0.0,0.0,0.0,0.0
495,1363415,0.0,0.0,N,0.0,0.0,0.0,0.0,Y ,21.41,1.0,6989.08,99.0,N,0.0,0.0,0.0,0.0
496,1363251,0.0,0.0,N,0.0,0.0,0.0,0.0,Y ,456.92,1.0,9894.949999999997,99.0,Y ,5059.46,1.0,4284.43,40.0
497,1363333,0.0,0.0,N,0.0,0.0,0.0,0.0,Y ,4.31,1.0,4621.42,99.0,Y ,1896.2,1.0,2841.64,40.0
498,1363230,0.0,0.0,N,0.0,0.0,0.0,0.0,Y ,551.28,1.0,7468.639999999999,99.0,N,0.0,0.0,0.0,0.0
499,1362843,0.0,0.0,N,0.0,0.0,0.0,0.0,Y ,3907.34,2.0,17754.820000000007,99.0,Y ,224.72,1.0,1411.5599999999997,24.0
500,1363413,0.0,0.0,N,0.0,0.0,0.0,0.0,Y ,131.81,1.0,4864.9000000000015,99.0,N,0.0,0.0,0.0,0.0
501,1363434,0.0,0.0,N,0.0,0.0,0.0,0.0,Y ,22.53,2.0,19548.24,99.0,N ,2728.02,2.0,3496.68,14.0
502,1363270,0.0,0.0,N,0.0,0.0,0.0,0.0,Y ,15.66,1.0,6969.149999999999,99.0,Y ,380.05,1.0,3122.8800000000006,47.0
503,1363066,0.0,0.0,N,0.0,0.0,0.0,0.0,N ,19.83,1.0,2859.480000000001,70.0,N,0.0,0.0,0.0,0.0
504,1363495,0.0,0.0,N,0.0,0.0,0.0,0.0,Y ,178.5,1.0,8563.35,99.0,Y ,2783.16,1.0,2326.6000000000004,36.0
505,1363371,0.0,0.0,N,0.0,0.0,0.0,0.0,Y ,54.5,1.0,7172.14,99.0,Y ,87.77,1.0,3285.4600000000005,31.0
506,1362963,0.0,0.0,N,0.0,0.0,0.0,0.0,Y ,127.65,1.0,5787.569999999999,99.0,N,0.0,0.0,0.0,0.0
507,1363453,0.0,0.0,N,0.0,0.0,0.0,0.0,Y ,0.0,1.0,337.19,16.0,N,0.0,0.0,0.0,0.0
508,1363228,0.0,0.0,N,0.0,0.0,0.0,0.0,Y ,206.69,1.0,14058.899999999994,99.0,Y ,1538.46,1.0,2711.2400000000007,24.0
509,1362677,0.0,0.0,N,0.0,0.0,0.0,0.0,Y ,385.66,1.0,8306.249999999998,99.0,N,0.0,0.0,0.0,0.0
510,1363167,0.0,0.0,N,0.0,0.0,0.0,0.0,Y ,68.61,2.0,20159.259999999995,99.0,Y ,1296.4,1.0,4590.110000000001,31.0
511,1362555,0.0,0.0,N,0.0,0.0,0.0,0.0,N ,806.73,1.0,9831.039999999999,99.0,Y ,260.59,1.0,2664.4500000000003,36.0
512,1362513,0.0,0.0,N,0.0,0.0,0.0,0.0,Y ,661.68,1.0,3386.3200000000006,38.0,Y ,352.05,1.0,2145.9399999999996,26.0
513,1363003,0.0,0.0,N,0.0,0.0,0.0,0.0,Y ,177.26,1.0,9508.229999999998,99.0,N,0.0,0.0,0.0,0.0
514,1362595,0.0,0.0,N,0.0,0.0,0.0,0.0,Y ,117.93,1.0,7596.400000000002,99.0,N,0.0,0.0,0.0,0.0
515,1363428,0.0,0.0,N,0.0,0.0,0.0,0.0,N ,274.96,1.0,8598.319999999996,99.0,N,0.0,0.0,0.0,0.0
516,1362551,0.0,0.0,N,0.0,0.0,0.0,0.0,Y ,2044.22,1.0,9865.929999999995,79.0,N,0.0,0.0,0.0,0.0
517,1362776,0.0,0.0,N,0.0,0.0,0.0,0.0,Y ,31.28,1.0,9318.309999999996,99.0,N,0.0,0.0,0.0,0.0
518,1362898,0.0,0.0,N,0.0,0.0,0.0,0.0,Y ,219.21,1.0,5853.339999999998,99.0,N,0.0,0.0,0.0,0.0
519,1362713,0.0,0.0,N,0.0,0.0,0.0,0.0,Y ,22.21,1.0,1200.28,32.0,Y ,468.2,1.0,6.96,12.0
520,1363346,0.0,0.0,N,0.0,0.0,0.0,0.0,Y ,1290.34,2.0,17247.95,91.0,Y ,332.08,1.0,4.920000000000001,12.0
521,1362734,0.0,0.0,N,0.0,0.0,0.0,0.0,N ,317.02,1.0,20.81,4.0,N ,438.53,1.0,3.8200000000000003,7.0
522,1363203,0.0,0.0,N,0.0,0.0,0.0,0.0,Y ,997.7,1.0,22422.85,99.0,Y ,3216.39,2.0,10406.83,40.0
523,1363304,0.0,0.0,N,0.0,0.0,0.0,0.0,Y ,50.91,1.0,6091.160000000001,99.0,N,0.0,0.0,0.0,0.0
524,1363161,0.0,0.0,N,0.0,0.0,0.0,0.0,Y ,39.09,1.0,7692.440000000001,99.0,N,0.0,0.0,0.0,0.0
525,1362652,0.0,0.0,N,0.0,0.0,0.0,0.0,Y ,26.93,1.0,3584.3800000000006,99.0,N,0.0,0.0,0.0,0.0
526,1363100,0.0,0.0,N,0.0,0.0,0.0,0.0,Y ,39.16,1.0,8551.310000000001,99.0,N,0.0,0.0,0.0,0.0
527,1362896,0.0,0.0,N,0.0,0.0,0.0,0.0,N ,512.63,2.0,19557.870000000003,99.0,N,0.0,0.0,0.0,0.0
528,1362488,0.0,0.0,N,0.0,0.0,0.0,0.0,Y ,122.42,1.0,6542.559999999997,99.0,N,0.0,0.0,0.0,0.0
529,1362711,0.0,0.0,N,0.0,0.0,0.0,0.0,Y ,299.33,1.0,5780.009999999997,99.0,Y ,38.87,1.0,1359.8899999999999,27.0
530,1363405,0.0,0.0,N,0.0,0.0,0.0,0.0,Y ,344.52,1.0,6863.399999999997,99.0,N,0.0,0.0,0.0,0.0
531,1363262,0.0,0.0,N,0.0,0.0,0.0,0.0,N ,244.53,1.0,11465.989999999994,99.0,Y ,6027.35,1.0,7610.090000000002,33.0
532,1363058,0.0,0.0,N,0.0,0.0,0.0,0.0,Y ,121.27,1.0,7024.4,99.0,N,0.0,0.0,0.0,0.0
533,1362507,0.0,0.0,N,0.0,0.0,0.0,0.0,Y ,1087.84,1.0,7307.779999999997,99.0,N,0.0,0.0,0.0,0.0
534,1362772,0.0,0.0,N,0.0,0.0,0.0,0.0,Y ,18.3,2.0,11889.370000000003,99.0,N,0.0,0.0,0.0,0.0
535,1363098,0.0,0.0,N,0.0,0.0,0.0,0.0,Y ,17.71,1.0,8950.7,99.0,N,0.0,0.0,0.0,0.0
536,1362486,0.0,0.0,N,0.0,0.0,0.0,0.0,Y ,3312.27,1.0,1081.3999999999999,25.0,Y ,116.24,1.0,1375.8399999999995,25.0
537,1363178,0.0,0.0,N,0.0,0.0,0.0,0.0,Y ,48.73,1.0,8563.349999999997,99.0,N,0.0,0.0,0.0,0.0
538,1363157,0.0,0.0,N,0.0,0.0,0.0,0.0,Y ,117.49,2.0,31157.16,99.0,N,0.0,0.0,0.0,0.0
539,1362505,0.0,0.0,N,0.0,0.0,0.0,0.0,Y ,11.7,1.0,5685.1399999999985,99.0,N ,205.68,1.0,2798.53,34.0
540,1362585,0.0,0.0,N,0.0,0.0,0.0,0.0,Y ,176.63,1.0,9021.029999999995,99.0,N,0.0,0.0,0.0,0.0
541,1362932,0.0,0.0,N,0.0,0.0,0.0,0.0,Y ,500.83,1.0,8509.399999999992,99.0,Y ,523.84,1.0,3000.47,40.0
542,1362993,0.0,0.0,N,0.0,0.0,0.0,0.0,Y ,3227.45,1.0,12044.549999999997,99.0,Y ,435.7,1.0,2525.5799999999995,38.0
543,1362768,0.0,0.0,N,0.0,0.0,0.0,0.0,Y ,2429.77,1.0,161.56000000000003,24.0,N,0.0,0.0,0.0,0.0
544,1363258,0.0,0.0,N,0.0,0.0,0.0,0.0,N ,12.14,1.0,2078.43,52.0,Y ,845.68,1.0,1915.1700000000003,28.0
545,1362503,0.0,0.0,N,0.0,0.0,0.0,0.0,Y ,535.61,1.0,6582.4299999999985,99.0,N,0.0,0.0,0.0,0.0
546,1363012,0.0,0.0,N,0.0,0.0,0.0,0.0,Y ,5.59,1.0,20221.35,99.0,Y ,481.77,1.0,7.169999999999998,12.0
547,1363481,0.0,0.0,N,0.0,0.0,0.0,0.0,Y ,25.94,1.0,5347.659999999996,99.0,Y ,1606.92,1.0,2096.18,33.0
548,1363073,0.0,0.0,N,0.0,0.0,0.0,0.0,Y ,125.9,2.0,10699.110000000002,99.0,N,0.0,0.0,0.0,0.0
549,1363298,0.0,0.0,N,0.0,0.0,0.0,0.0,N ,170.04,2.0,28690.989999999994,99.0,N,0.0,0.0,0.0,0.0
550,1363134,0.0,0.0,N,0.0,0.0,0.0,0.0,Y ,0.0,1.0,238.96000000000004,22.0,N,0.0,0.0,0.0,0.0
551,1363235,0.0,0.0,N,0.0,0.0,0.0,0.0,Y ,1067.57,1.0,10918.139999999998,99.0,N,0.0,0.0,0.0,0.0
552,1363031,0.0,0.0,N,0.0,0.0,0.0,0.0,Y ,1938.99,1.0,21049.820000000007,99.0,N,0.0,0.0,0.0,0.0
553,1362623,0.0,0.0,N,0.0,0.0,0.0,0.0,N ,16.18,1.0,2425.3300000000013,54.0,Y ,140.14,1.0,3.62,14.0
554,1363214,0.0,0.0,N,0.0,0.0,0.0,0.0,Y ,134.88,2.0,9268.980000000003,99.0,N,0.0,0.0,0.0,0.0
555,1362970,0.0,0.0,N,0.0,0.0,0.0,0.0,Y ,555.82,1.0,3132.5099999999998,49.0,Y ,278.07,1.0,4.129999999999999,12.0
556,1362827,0.0,0.0,N,0.0,0.0,0.0,0.0,Y ,17.21,2.0,10895.139999999998,99.0,Y ,306.35,1.0,5284.829999999999,55.0
557,1363336,0.0,0.0,N,0.0,0.0,0.0,0.0,Y ,195.15,2.0,16400.21,99.0,Y ,126.05,2.0,4428.560000000001,39.0
558,1363092,0.0,0.0,N,0.0,0.0,0.0,0.0,Y ,38.2,1.0,7019.12,99.0,Y ,397.29,1.0,1514.13,28.0
559,1362764,0.0,0.0,N,0.0,0.0,0.0,0.0,Y ,728.77,1.0,6107.040000000004,99.0,N,0.0,0.0,0.0,0.0
560,1363233,0.0,0.0,N,0.0,0.0,0.0,0.0,Y ,313.6,2.0,15994.590000000004,99.0,N ,161.69,1.0,1990.9900000000002,17.0
561,1363090,0.0,0.0,N,0.0,0.0,0.0,0.0,Y ,0.0,1.0,1164.5599999999997,39.0,Y ,158.73,1.0,2.4,12.0
562,1363334,0.0,0.0,N,0.0,0.0,0.0,0.0,Y ,0.22,1.0,6258.559999999997,99.0,Y ,478.96,1.0,2775.92,30.0
563,1362968,0.0,0.0,N,0.0,0.0,0.0,0.0,Y ,203.81,1.0,7934.229999999994,99.0,Y ,510.19,1.0,1603.6299999999999,25.0
564,1362682,0.0,0.0,N,0.0,0.0,0.0,0.0,Y ,345.89,1.0,5897.559999999999,65.0,Y ,243.79,1.0,3.599999999999999,12.0
565,1363191,0.0,0.0,N,0.0,0.0,0.0,0.0,N ,343.52,1.0,3620.6300000000015,73.0,N,0.0,0.0,0.0,0.0
566,1363416,0.0,0.0,N,0.0,0.0,0.0,0.0,Y ,5.68,1.0,5337.410000000001,98.0,N,0.0,0.0,0.0,0.0
567,1362783,0.0,0.0,N,0.0,0.0,0.0,0.0,N ,916.17,1.0,7484.279999999998,99.0,Y ,699.58,1.0,1234.8799999999999,23.0
568,1363048,0.0,0.0,N,0.0,0.0,0.0,0.0,Y ,274.93,1.0,15252.709999999992,99.0,N,0.0,0.0,0.0,0.0
569,1363109,0.0,0.0,N,0.0,0.0,0.0,0.0,Y ,41.35,1.0,5597.970000000002,99.0,N,0.0,0.0,0.0,0.0
570,1363456,0.0,0.0,N,0.0,0.0,0.0,0.0,Y ,1051.46,1.0,3393.110000000002,61.0,N,0.0,0.0,0.0,0.0
571,1363067,0.0,0.0,N,0.0,0.0,0.0,0.0,Y ,0.0,1.0,5951.34,99.0,Y ,288.33,1.0,4.319999999999999,12.0
572,1362781,0.0,0.0,N,0.0,0.0,0.0,0.0,Y ,269.82,1.0,10996.059999999998,91.0,Y ,2797.34,1.0,3119.2499999999995,22.0
573,1363250,0.0,0.0,N,0.0,0.0,0.0,0.0,N ,257.48,1.0,11817.669999999991,99.0,N,0.0,0.0,0.0,0.0
574,1362638,0.0,0.0,N,0.0,0.0,0.0,0.0,Y ,0.0,1.0,3611.710000000001,57.0,N,0.0,0.0,0.0,0.0
575,1363046,0.0,0.0,N,0.0,0.0,0.0,0.0,Y ,520.05,2.0,11919.449999999995,99.0,Y ,561.55,1.0,801.9499999999999,21.0
576,1362760,0.0,0.0,N,0.0,0.0,0.0,0.0,Y ,6.15,1.0,9092.39,57.0,N,0.0,0.0,0.0,0.0
577,1363168,0.0,0.0,N,0.0,0.0,0.0,0.0,Y ,67.58,2.0,50052.77999999997,99.0,Y ,2333.47,1.0,7006.56,25.0
578,1363208,0.0,0.0,N,0.0,0.0,0.0,0.0,Y ,59.37,1.0,6303.259999999996,99.0,Y ,1094.05,1.0,3736.9400000000005,40.0
579,1363391,0.0,0.0,N,0.0,0.0,0.0,0.0,Y ,17.91,1.0,5871.649999999997,99.0,N,0.0,0.0,0.0,0.0
580,1363452,0.0,0.0,N,0.0,0.0,0.0,0.0,Y ,428.7,1.0,7447.179999999995,99.0,Y ,1874.79,1.0,3383.9699999999993,40.0
581,1362758,0.0,0.0,N,0.0,0.0,0.0,0.0,Y ,407.32,2.0,11237.030000000002,99.0,N,0.0,0.0,0.0,0.0
582,1363145,0.0,0.0,N,0.0,0.0,0.0,0.0,Y ,168.44,1.0,5805.669999999997,99.0,N ,444.57,1.0,1029.44,13.0
583,1362941,0.0,0.0,N,0.0,0.0,0.0,0.0,Y ,4.54,1.0,5965.509999999998,99.0,N ,877.14,2.0,4200.85,27.0
584,1363389,0.0,0.0,N,0.0,0.0,0.0,0.0,Y ,300.18,1.0,7889.899999999999,99.0,Y ,177.4,1.0,2972.49,37.0
585,1362981,0.0,0.0,N,0.0,0.0,0.0,0.0,Y ,260.03,1.0,6121.259999999999,99.0,N,0.0,0.0,0.0,0.0
586,1362573,0.0,0.0,N,0.0,0.0,0.0,0.0,Y ,1045.47,2.0,24942.58000000001,99.0,Y ,10399.11,2.0,7179.39,40.0
587,1363450,0.0,0.0,N,0.0,0.0,0.0,0.0,Y ,210.73,1.0,10667.889999999996,99.0,Y ,1018.62,1.0,1524.0800000000002,27.0
588,1363469,0.0,0.0,N,0.0,0.0,0.0,0.0,Y ,220.22,1.0,4097.170000000001,99.0,Y ,1701.12,1.0,667.0100000000001,26.0
589,1363286,0.0,0.0,N,0.0,0.0,0.0,0.0,Y ,51.57,1.0,9471.360000000002,99.0,N ,1289.52,1.0,1782.48,11.0
590,1362674,0.0,0.0,N,0.0,0.0,0.0,0.0,Y ,375.15,1.0,10065.460000000003,99.0,N ,8.21,1.0,884.2700000000001,16.0
591,1363183,0.0,0.0,N,0.0,0.0,0.0,0.0,Y ,279.72,2.0,27343.519999999997,99.0,N,0.0,0.0,0.0,0.0
592,1362796,0.0,0.0,N,0.0,0.0,0.0,0.0,Y ,254.93,1.0,3.8099999999999996,12.0,Y ,1087.47,1.0,1450.8600000000004,22.0
593,1362632,0.0,0.0,N,0.0,0.0,0.0,0.0,Y ,39.58,2.0,19673.970000000005,99.0,N,0.0,0.0,0.0,0.0
594,1362897,0.0,0.0,N,0.0,0.0,0.0,0.0,Y ,52.33,1.0,5586.889999999999,99.0,N,0.0,0.0,0.0,0.0
595,1362510,0.0,0.0,N,0.0,0.0,0.0,0.0,Y ,222.56,1.0,8085.71,95.0,N,0.0,0.0,0.0,0.0
596,1362979,0.0,0.0,N,0.0,0.0,0.0,0.0,Y ,292.07,1.0,6042.769999999999,99.0,N,0.0,0.0,0.0,0.0
597,1362590,0.0,0.0,N,0.0,0.0,0.0,0.0,Y ,1053.25,1.0,3168.5600000000004,70.0,Y ,558.44,1.0,16.490000000000002,12.0
598,1363305,0.0,0.0,N,0.0,0.0,0.0,0.0,Y ,31.9,1.0,8248.3,99.0,N,0.0,0.0,0.0,0.0
599,1363242,0.0,0.0,N,0.0,0.0,0.0,0.0,N ,936.51,1.0,7247.409999999994,99.0,N,0.0,0.0,0.0,0.0
600,1363141,0.0,0.0,N,0.0,0.0,0.0,0.0,Y ,563.15,1.0,5723.31,99.0,Y ,528.57,1.0,1566.36,31.0
601,1362998,0.0,0.0,N,0.0,0.0,0.0,0.0,Y ,4.38,1.0,4231.64,57.0,N,0.0,0.0,0.0,0.0
602,1362855,0.0,0.0,N,0.0,0.0,0.0,0.0,Y ,1070.87,1.0,7690.489999999996,99.0,Y ,161.04,1.0,1215.93,31.0
603,1363324,0.0,0.0,N,0.0,0.0,0.0,0.0,Y ,2325.37,1.0,3093.480000000001,44.0,N,0.0,0.0,0.0,0.0
604,1363343,0.0,0.0,N,0.0,0.0,0.0,0.0,N,0.0,0.0,0.0,0.0,Y ,2007.65,1.0,4672.4,41.0
605,1362567,0.0,0.0,N,0.0,0.0,0.0,0.0,N,0.0,0.0,0.0,0.0,Y ,5143.26,1.0,8654.130000000001,57.0
606,1362893,0.0,0.0,N,0.0,0.0,0.0,0.0,N,0.0,0.0,0.0,0.0,Y ,976.43,1.0,1711.9599999999996,22.0
607,1362729,0.0,0.0,N,0.0,0.0,0.0,0.0,N,0.0,0.0,0.0,0.0,Y ,122.21,1.0,1.7999999999999996,12.0
608,1362668,0.0,0.0,N,0.0,0.0,0.0,0.0,N,0.0,0.0,0.0,0.0,Y ,1470.67,1.0,2809.9000000000005,40.0
609,1362891,0.0,0.0,N,0.0,0.0,0.0,0.0,N,0.0,0.0,0.0,0.0,Y ,1743.57,1.0,1918.1799999999998,22.0
610,1363238,0.0,0.0,N,0.0,0.0,0.0,0.0,N,0.0,0.0,0.0,0.0,Y ,192.39,1.0,2.880000000000001,12.0
611,1363339,0.0,0.0,N,0.0,0.0,0.0,0.0,N,0.0,0.0,0.0,0.0,Y ,522.48,1.0,2763.7900000000004,44.0
612,1362666,0.0,0.0,N,0.0,0.0,0.0,0.0,N,0.0,0.0,0.0,0.0,Y ,300.42,1.0,1040.9299999999998,22.0
613,1362523,0.0,0.0,N,0.0,0.0,0.0,0.0,N,0.0,0.0,0.0,0.0,Y ,127.38,1.0,959.9699999999998,26.0
614,1362502,0.0,0.0,N,0.0,0.0,0.0,0.0,N,0.0,0.0,0.0,0.0,Y ,697.68,1.0,1041.2500000000002,22.0
615,1363276,0.0,0.0,N,0.0,0.0,0.0,0.0,N,0.0,0.0,0.0,0.0,Y ,2037.38,1.0,3931.4700000000007,44.0
616,1363091,0.0,0.0,N,0.0,0.0,0.0,0.0,N,0.0,0.0,0.0,0.0,Y ,2338.68,1.0,34.800000000000004,12.0
617,1362826,0.0,0.0,N,0.0,0.0,0.0,0.0,N,0.0,0.0,0.0,0.0,Y ,425.08,1.0,1117.9099999999999,24.0
618,1362681,0.0,0.0,N,0.0,0.0,0.0,0.0,N,0.0,0.0,0.0,0.0,Y ,3629.45,1.0,6186.479999999999,38.0
619,1363150,0.0,0.0,N,0.0,0.0,0.0,0.0,N,0.0,0.0,0.0,0.0,Y ,370.22,1.0,4020.63,49.0
620,1363047,0.0,0.0,N,0.0,0.0,0.0,0.0,N,0.0,0.0,0.0,0.0,N ,417.52,1.0,950.86,18.0
621,1362496,0.0,0.0,N,0.0,0.0,0.0,0.0,N,0.0,0.0,0.0,0.0,Y ,251.06,1.0,3.72,12.0
622,1362982,0.0,0.0,N,0.0,0.0,0.0,0.0,N,0.0,0.0,0.0,0.0,Y ,3313.65,1.0,5795.289999999998,40.0
623,1363064,0.0,0.0,N,0.0,0.0,0.0,0.0,N,0.0,0.0,0.0,0.0,Y ,1103.03,1.0,2193.1,32.0
624,1362860,0.0,0.0,N,0.0,0.0,0.0,0.0,N,0.0,0.0,0.0,0.0,Y ,2100.68,2.0,5354.929999999999,40.0
625,1362654,0.0,0.0,N,0.0,0.0,0.0,0.0,N,0.0,0.0,0.0,0.0,Y ,622.46,1.0,1216.39,21.0
626,1363491,0.0,0.0,N,0.0,0.0,0.0,0.0,N,0.0,0.0,0.0,0.0,N ,17.82,1.0,2626.59,18.0
627,1362614,0.0,0.0,N,0.0,0.0,0.0,0.0,N,0.0,0.0,0.0,0.0,Y ,1534.73,1.0,4426.78,40.0
628,1362879,0.0,0.0,N,0.0,0.0,0.0,0.0,N,0.0,0.0,0.0,0.0,Y ,856.61,1.0,1445.1800000000003,22.0
629,1363121,0.0,0.0,N,0.0,0.0,0.0,0.0,N,0.0,0.0,0.0,0.0,Y ,122.74,1.0,1.7999999999999996,12.0
630,1362919,0.0,0.0,N,0.0,0.0,0.0,0.0,N,0.0,0.0,0.0,0.0,Y ,318.66,1.0,4.740000000000001,12.0
631,1362570,0.0,0.0,N,0.0,0.0,0.0,0.0,N,0.0,0.0,0.0,0.0,Y ,174.16,1.0,2.6100000000000003,12.0
632,1363466,0.0,0.0,N,0.0,0.0,0.0,0.0,N,0.0,0.0,0.0,0.0,Y ,1100.9,1.0,1938.7300000000002,34.0
633,1362589,0.0,0.0,N,0.0,0.0,0.0,0.0,N,0.0,0.0,0.0,0.0,Y ,833.68,1.0,3764.73,32.0
634,1363180,0.0,0.0,N,0.0,0.0,0.0,0.0,N,0.0,0.0,0.0,0.0,Y ,405.61,1.0,2657.62,40.0
635,1362976,0.0,0.0,N,0.0,0.0,0.0,0.0,N,0.0,0.0,0.0,0.0,Y ,137.99,1.0,2626.25,29.0
636,1363445,0.0,0.0,N,0.0,0.0,0.0,0.0,N,0.0,0.0,0.0,0.0,Y ,552.01,1.0,2349.6799999999994,31.0
637,1362955,0.0,0.0,N,0.0,0.0,0.0,0.0,N,0.0,0.0,0.0,0.0,Y ,627.76,1.0,2360.5099999999998,29.0
638,1362669,0.0,0.0,N,0.0,0.0,0.0,0.0,N,0.0,0.0,0.0,0.0,Y ,1693.81,1.0,3063.33,33.0
639,1363014,0.0,0.0,N,0.0,0.0,0.0,0.0,N,0.0,0.0,0.0,0.0,Y ,174.61,1.0,2.6300000000000003,12.0
640,1362524,0.0,0.0,N,0.0,0.0,0.0,0.0,N,0.0,0.0,0.0,0.0,Y ,619.05,1.0,1356.08,26.0
641,1363176,0.0,0.0,N,0.0,0.0,0.0,0.0,N,0.0,0.0,0.0,0.0,Y ,128.07,1.0,1159.7399999999996,26.0
642,1362890,0.0,0.0,N,0.0,0.0,0.0,0.0,N,0.0,0.0,0.0,0.0,N ,104.78,0.0,0.0,0.0
643,1362604,0.0,0.0,N,0.0,0.0,0.0,0.0,N,0.0,0.0,0.0,0.0,Y ,233.76,1.0,3412.1799999999994,40.0
644,1363338,0.0,0.0,N,0.0,0.0,0.0,0.0,N,0.0,0.0,0.0,0.0,Y ,675.18,1.0,2013.93,26.0
645,1362665,0.0,0.0,N,0.0,0.0,0.0,0.0,N,0.0,0.0,0.0,0.0,Y ,2144.37,1.0,2237.5,37.0
646,1362848,0.0,0.0,N,0.0,0.0,0.0,0.0,N,0.0,0.0,0.0,0.0,Y ,4844.42,1.0,1571.1299999999999,24.0
647,1362785,0.0,0.0,N,0.0,0.0,0.0,0.0,N,0.0,0.0,0.0,0.0,Y ,337.9,1.0,1991.1199999999997,22.0
648,1363376,0.0,0.0,N,0.0,0.0,0.0,0.0,N,0.0,0.0,0.0,0.0,Y ,1345.44,2.0,5691.199999999999,36.0
649,1363029,0.0,0.0,N,0.0,0.0,0.0,0.0,N,0.0,0.0,0.0,0.0,Y ,304.93,1.0,1106.5800000000002,24.0
650,1362537,0.0,0.0,N,0.0,0.0,0.0,0.0,N,0.0,0.0,0.0,0.0,Y ,1603.69,1.0,1964.0,28.0
651,1362497,0.0,0.0,N,0.0,0.0,0.0,0.0,N,0.0,0.0,0.0,0.0,Y ,10.86,1.0,2254.71,37.0
652,1363025,0.0,0.0,N,0.0,0.0,0.0,0.0,N,0.0,0.0,0.0,0.0,N ,3136.9,2.0,3920.7599999999993,26.0
653,1363290,0.0,0.0,N,0.0,0.0,0.0,0.0,N,0.0,0.0,0.0,0.0,Y ,2594.47,1.0,1529.7599999999998,32.0
654,1363351,0.0,0.0,N,0.0,0.0,0.0,0.0,N,0.0,0.0,0.0,0.0,N ,213.81,1.0,1.08,4.0
655,1362659,0.0,0.0,N,0.0,0.0,0.0,0.0,N,0.0,0.0,0.0,0.0,Y ,315.94,1.0,4109.860000000001,54.0
656,1362596,0.0,0.0,N,0.0,0.0,0.0,0.0,N,0.0,0.0,0.0,0.0,Y ,259.05,1.0,1599.3799999999999,26.0
657,1362880,0.0,0.0,N,0.0,0.0,0.0,0.0,N,0.0,0.0,0.0,0.0,Y ,551.31,1.0,3100.4799999999996,51.0
658,1362899,0.0,0.0,N,0.0,0.0,0.0,0.0,N,0.0,0.0,0.0,0.0,Y ,1823.77,1.0,53.84,12.0
659,1362838,0.0,0.0,N,0.0,0.0,0.0,0.0,N,0.0,0.0,0.0,0.0,Y ,1013.94,1.0,3844.9699999999993,48.0
660,1363490,0.0,0.0,N,0.0,0.0,0.0,0.0,N,0.0,0.0,0.0,0.0,Y ,2301.53,1.0,34.24,12.0
661,1363347,0.0,0.0,N,0.0,0.0,0.0,0.0,N,0.0,0.0,0.0,0.0,Y ,512.64,1.0,1990.57,33.0
662,1363366,0.0,0.0,N,0.0,0.0,0.0,0.0,N,0.0,0.0,0.0,0.0,Y ,7471.81,1.0,16348.2,40.0
663,1363080,0.0,0.0,N,0.0,0.0,0.0,0.0,N,0.0,0.0,0.0,0.0,Y ,691.59,1.0,1010.5500000000001,21.0
664,1362550,0.0,0.0,N,0.0,0.0,0.0,0.0,N,0.0,0.0,0.0,0.0,Y ,487.77,1.0,1010.1800000000001,26.0
